Date,Month,year,Category,Amount,Transaction Description,Payment mode,Type
02-01-2020,Jan,2020,Food & Drink,1486,Score each.,cash,Expense
02-01-2020,Jan,2020,Utilities,1476,Quality throughout.,cash,Expense
04-01-2020,Jan,2020,Rent,1185,Instead ahead despite measure ago.,cash,Expense
05-01-2020,Jan,2020,Investment,2291,Information last everything thank serve.,cash,Income
13-01-2020,Jan,2020,Food & Drink,1127,Future choice whatever from.,cash,Expense
14-01-2020,Jan,2020,Shopping,449,Benefit suggest page southern.,cash,Expense
18-01-2020,Jan,2020,Food & Drink,1520,By two bad fall pick.,cash,Expense
19-01-2020,Jan,2020,Other,3287,Court attorney product significant world.,cash,Income
21-01-2020,Jan,2020,Entertainment,1915,Herself law.,cash,Expense
25-01-2020,Jan,2020,Rent,766,Have decide environment.,UPI,Expense
25-01-2020,Jan,2020,Health & Fitness,1211,Play move each left establish.,UPI,Expense
26-01-2020,Jan,2020,Salary,1077,Range successful simply.,UPI,Expense
29-01-2020,Jan,2020,Shopping,167,Source husband.,UPI,Expense
30-01-2020,Jan,2020,Health & Fitness,1159,Tree note responsibility.,UPI,Expense
31-01-2020,Jan,2020,Food & Drink,1326,How trip learn enter.,UPI,Expense
31-01-2020,Jan,2020,Rent,1712,Much section investment on gun.,UPI,Expense
31-01-2020,Jan,2020,Shopping,563,Management sense technology check civil.,UPI,Expense
02-02-2020,Feb,2020,Health & Fitness,334,As high you more wife.,UPI,Expense
04-02-2020,Feb,2020,Travel,1407,Race mr.,UPI,Expense
05-02-2020,Feb,2020,Rent,1222,Born itself law west.,UPI,Expense
05-02-2020,Feb,2020,Investment,1838,Seven medical blood personal.,UPI,Income
07-02-2020,Feb,2020,Travel,1979,Current hear claim well two.,UPI,Expense
07-02-2020,Feb,2020,Entertainment,1372,Food affect upon these story.,UPI,Expense
08-02-2020,Feb,2020,Food & Drink,466,Around there water.,UPI,Expense
08-02-2020,Feb,2020,Other,3786,Staff within mouth call.,UPI,Income
09-02-2020,Feb,2020,Entertainment,1827,Close month parent who up.,UPI,Expense
11-02-2020,Feb,2020,Health & Fitness,433,Human public health.,UPI,Expense
13-02-2020,Feb,2020,Salary,294,Building different full open.,UPI,Expense
15-02-2020,Feb,2020,Other,4009,Detail audience piece director town.,UPI,Income
16-02-2020,Feb,2020,Shopping,730,Method everything.,UPI,Expense
16-02-2020,Feb,2020,Utilities,1024,Much rich think.,UPI,Expense
18-02-2020,Feb,2020,Investment,1398,Drug list imagine behind.,UPI,Income
19-02-2020,Feb,2020,Investment,3958,Interest level rock pull.,card,Income
20-02-2020,Feb,2020,Shopping,769,I fund.,card,Expense
26-02-2020,Feb,2020,Travel,1942,Court movie cell.,card,Expense
27-02-2020,Feb,2020,Food & Drink,1364,Leg themselves away.,card,Expense
28-02-2020,Feb,2020,Other,3286,Anything yourself.,card,Income
28-02-2020,Feb,2020,Other,1795,Unit support.,card,Income
29-02-2020,Feb,2020,Travel,1944,Magazine degree husband around.,card,Expense
03-03-2020,Mar,2020,Rent,1742,World enter.,card,Expense
04-03-2020,Mar,2020,Entertainment,314,Institution whatever yet.,card,Expense
04-03-2020,Mar,2020,Food & Drink,1202,Choice father why often.,card,Expense
09-03-2020,Mar,2020,Rent,1859,Security arm.,card,Expense
09-03-2020,Mar,2020,Travel,487,Me system church whether.,card,Expense
11-03-2020,Mar,2020,Rent,180,Attention attack technology.,card,Expense
11-03-2020,Mar,2020,Rent,1956,Walk now often.,card,Expense
12-03-2020,Mar,2020,Utilities,266,Bank price north first end.,card,Expense
12-03-2020,Mar,2020,Utilities,537,Enter capital population.,card,Expense
14-03-2020,Mar,2020,Shopping,1929,Upon very act perform.,card,Expense
15-03-2020,Mar,2020,Entertainment,1429,Available defense.,card,Expense
18-03-2020,Mar,2020,Health & Fitness,882,Value thing these.,card,Expense
21-03-2020,Mar,2020,Rent,503,Citizen street region.,card,Expense
23-03-2020,Mar,2020,Investment,2385,Property never.,card,Income
23-03-2020,Mar,2020,Food & Drink,151,Enough threat score.,card,Expense
24-03-2020,Mar,2020,Entertainment,144,Example decision garden.,net banking,Expense
28-03-2020,Mar,2020,Other,1080,Major town suffer begin.,net banking,Income
01-04-2020,Apr,2020,Travel,1341,Analysis four capital.,net banking,Expense
05-04-2020,Apr,2020,Utilities,1449,Scientist necessary into.,net banking,Expense
06-04-2020,Apr,2020,Salary,494,Away third.,net banking,Expense
06-04-2020,Apr,2020,Shopping,389,Along hard need involve among.,net banking,Expense
10-04-2020,Apr,2020,Other,3402,Together decide.,net banking,Income
17-04-2020,Apr,2020,Salary,1729,Government nice.,net banking,Expense
17-04-2020,Apr,2020,Investment,996,See understand door class son.,net banking,Income
18-04-2020,Apr,2020,Health & Fitness,1603,Agent say forward us.,net banking,Expense
22-04-2020,Apr,2020,Investment,2058,City red him.,net banking,Income
23-04-2020,Apr,2020,Utilities,850,Develop staff least figure.,net banking,Expense
25-04-2020,Apr,2020,Entertainment,1750,Age cover foreign.,net banking,Expense
26-04-2020,Apr,2020,Investment,914,Go meeting quickly.,net banking,Income
26-04-2020,Apr,2020,Food & Drink,1938,Voice boy wife condition.,net banking,Expense
27-04-2020,Apr,2020,Entertainment,341,Board its.,net banking,Expense
27-04-2020,Apr,2020,Entertainment,1731,Paper memory history office.,net banking,Expense
29-04-2020,Apr,2020,Utilities,764,Remember ability.,net banking,Expense
30-04-2020,Apr,2020,Travel,1854,Hair attorney professional.,net banking,Expense
01-05-2020,May,2020,Travel,852,Finish summer rest feel finally.,net banking,Expense
03-05-2020,May,2020,Salary,318,I fast camera inside.,net banking,Expense
03-05-2020,May,2020,Food & Drink,1163,Past feeling nature.,net banking,Expense
05-05-2020,May,2020,Health & Fitness,124,Expert involve oil.,net banking,Expense
06-05-2020,May,2020,Utilities,123,Kid put memory soldier.,net banking,Expense
06-05-2020,May,2020,Utilities,146,Exist professional.,net banking,Expense
07-05-2020,May,2020,Investment,3807,Stand seem.,net banking,Income
11-05-2020,May,2020,Investment,825,Southern challenge animal.,net banking,Income
12-05-2020,May,2020,Shopping,1318,Sure authority increase picture create.,net banking,Expense
13-05-2020,May,2020,Health & Fitness,1870,Hundred challenge reach throughout.,net banking,Expense
14-05-2020,May,2020,Health & Fitness,485,Despite sound receive let.,UPI,Expense
15-05-2020,May,2020,Travel,920,True building card.,UPI,Expense
16-05-2020,May,2020,Rent,29,Write other wear through partner.,UPI,Expense
17-05-2020,May,2020,Rent,156,Store natural today season.,UPI,Expense
19-05-2020,May,2020,Travel,274,Else easy point she.,UPI,Expense
20-05-2020,May,2020,Rent,1760,Phone ever back experience.,UPI,Expense
21-05-2020,May,2020,Utilities,882,Floor music catch discuss.,UPI,Expense
25-05-2020,May,2020,Travel,1227,Ask imagine my.,UPI,Expense
27-05-2020,May,2020,Food & Drink,1339,Deal information.,UPI,Expense
28-05-2020,May,2020,Rent,1878,Task she.,UPI,Expense
29-05-2020,May,2020,Investment,1376,Accept goal send table.,UPI,Income
30-05-2020,May,2020,Utilities,552,Section national owner determine detail.,UPI,Expense
31-05-2020,May,2020,Health & Fitness,415,Ahead from quickly identify.,UPI,Expense
31-05-2020,May,2020,Travel,1016,Try wonder move trade.,UPI,Expense
01-06-2020,Jun,2020,Food & Drink,194,Base investment.,UPI,Expense
02-06-2020,Jun,2020,Travel,98,Anyone here deep.,UPI,Expense
05-06-2020,Jun,2020,Utilities,1278,Seven here sell story.,UPI,Expense
06-06-2020,Jun,2020,Salary,1108,Like see.,UPI,Expense
07-06-2020,Jun,2020,Food & Drink,233,Difference attention whatever american.,UPI,Expense
08-06-2020,Jun,2020,Utilities,1096,Current after charge.,UPI,Expense
09-06-2020,Jun,2020,Utilities,865,Prove nor design record.,UPI,Expense
09-06-2020,Jun,2020,Other,826,Paper white responsibility.,UPI,Income
10-06-2020,Jun,2020,Entertainment,1367,Blue agent find.,UPI,Expense
10-06-2020,Jun,2020,Health & Fitness,1562,Walk cup option store.,UPI,Expense
11-06-2020,Jun,2020,Shopping,1948,Recent feeling.,UPI,Expense
11-06-2020,Jun,2020,Entertainment,1731,Site girl into have media.,UPI,Expense
12-06-2020,Jun,2020,Utilities,1764,Support state.,UPI,Expense
14-06-2020,Jun,2020,Other,3872,Whether player stock religious.,UPI,Income
15-06-2020,Jun,2020,Entertainment,541,Safe whole establish.,UPI,Expense
18-06-2020,Jun,2020,Rent,771,Let stay or focus.,cash,Expense
18-06-2020,Jun,2020,Other,2322,Everything late.,cash,Income
18-06-2020,Jun,2020,Other,3364,Particular her agreement surface consider.,cash,Income
19-06-2020,Jun,2020,Entertainment,454,Something future they red.,cash,Expense
19-06-2020,Jun,2020,Shopping,663,Act way beat result major.,cash,Expense
21-06-2020,Jun,2020,Travel,709,Position make society behavior.,cash,Expense
21-06-2020,Jun,2020,Health & Fitness,1879,Reality fill ok list.,cash,Expense
22-06-2020,Jun,2020,Other,1962,International second former reflect.,cash,Income
22-06-2020,Jun,2020,Travel,86,Edge building court.,cash,Expense
24-06-2020,Jun,2020,Health & Fitness,1460,Week real course school everybody.,cash,Expense
30-06-2020,Jun,2020,Rent,777,Executive beyond create dinner conference.,cash,Expense
30-06-2020,Jun,2020,Travel,98,Call animal approach factor want.,cash,Expense
02-07-2020,Jul,2020,Entertainment,735,Their off.,cash,Expense
03-07-2020,Jul,2020,Other,3071,Key continue anything wait.,cash,Income
04-07-2020,Jul,2020,Rent,1442,State husband.,cash,Expense
05-07-2020,Jul,2020,Travel,1337,Picture approach chance none fight.,cash,Expense
06-07-2020,Jul,2020,Travel,1113,Newspaper indicate other.,cash,Expense
06-07-2020,Jul,2020,Other,1925,Herself training father open investment.,cash,Income
08-07-2020,Jul,2020,Travel,818,Art whether between several personal.,cash,Expense
11-07-2020,Jul,2020,Travel,581,Church community.,cash,Expense
12-07-2020,Jul,2020,Health & Fitness,935,Able late order.,cash,Expense
12-07-2020,Jul,2020,Entertainment,1027,Discuss religious.,cash,Expense
13-07-2020,Jul,2020,Utilities,1321,Reach under.,cash,Expense
17-07-2020,Jul,2020,Health & Fitness,196,Boy different chance enter.,cash,Expense
20-07-2020,Jul,2020,Entertainment,1349,Arrive society.,cash,Expense
21-07-2020,Jul,2020,Entertainment,303,Keep light fight.,cash,Expense
21-07-2020,Jul,2020,Other,1096,Matter management ball.,cash,Income
22-07-2020,Jul,2020,Entertainment,1440,Same page ago director.,net banking,Expense
22-07-2020,Jul,2020,Shopping,496,Week yourself public especially american.,net banking,Expense
22-07-2020,Jul,2020,Food & Drink,1786,Million kind everything young.,net banking,Expense
23-07-2020,Jul,2020,Rent,1559,Why like impact fly.,net banking,Expense
24-07-2020,Jul,2020,Salary,110,Form really explain.,net banking,Expense
28-07-2020,Jul,2020,Rent,918,Already because education break significant.,net banking,Expense
28-07-2020,Jul,2020,Health & Fitness,1901,Price my.,net banking,Expense
29-07-2020,Jul,2020,Shopping,1663,Could gun.,net banking,Expense
30-07-2020,Jul,2020,Utilities,1490,Kind appear environment capital explain.,net banking,Expense
31-07-2020,Jul,2020,Travel,1506,Ahead picture son.,net banking,Expense
01-08-2020,Aug,2020,Travel,1534,Nearly need behavior.,net banking,Expense
01-08-2020,Aug,2020,Entertainment,556,Water positive child usually.,net banking,Expense
01-08-2020,Aug,2020,Other,2420,Relate indeed lot line lead.,net banking,Income
02-08-2020,Aug,2020,Health & Fitness,1787,Course out second carry.,net banking,Expense
03-08-2020,Aug,2020,Investment,2394,Significant take future.,net banking,Income
04-08-2020,Aug,2020,Utilities,1416,Star executive fear.,net banking,Expense
04-08-2020,Aug,2020,Other,3210,Your majority chance mrs generation.,net banking,Income
04-08-2020,Aug,2020,Shopping,134,Help usually thank wonder draw.,net banking,Expense
05-08-2020,Aug,2020,Shopping,1811,Task improve fish.,net banking,Expense
05-08-2020,Aug,2020,Food & Drink,1715,History professional star wonder.,net banking,Expense
06-08-2020,Aug,2020,Shopping,959,Call whole.,net banking,Expense
08-08-2020,Aug,2020,Travel,1509,Them key.,net banking,Expense
08-08-2020,Aug,2020,Shopping,1081,Address century that wide.,net banking,Expense
09-08-2020,Aug,2020,Entertainment,982,Sit enter perhaps however.,net banking,Expense
13-08-2020,Aug,2020,Salary,68,System teacher here first.,net banking,Expense
14-08-2020,Aug,2020,Shopping,1451,Along attention piece tv young.,net banking,Expense
16-08-2020,Aug,2020,Utilities,1962,Within set region beyond.,net banking,Expense
17-08-2020,Aug,2020,Shopping,1188,Tough animal someone.,net banking,Expense
18-08-2020,Aug,2020,Rent,1289,Hear certainly most not.,UPI,Expense
19-08-2020,Aug,2020,Other,1988,Company participant him.,UPI,Income
20-08-2020,Aug,2020,Other,3181,Tree central leave effect.,UPI,Income
21-08-2020,Aug,2020,Health & Fitness,682,Together let.,UPI,Expense
21-08-2020,Aug,2020,Travel,1507,Citizen kid generation onto police.,UPI,Expense
22-08-2020,Aug,2020,Travel,1671,Lead few yourself.,UPI,Expense
22-08-2020,Aug,2020,Food & Drink,2000,Down occur.,UPI,Expense
26-08-2020,Aug,2020,Rent,1565,Yeah far within.,UPI,Expense
27-08-2020,Aug,2020,Food & Drink,1900,Account ten sing.,UPI,Expense
27-08-2020,Aug,2020,Investment,1748,Seat strategy total simply discover.,UPI,Income
29-08-2020,Aug,2020,Salary,1342,Pm per question.,UPI,Expense
30-08-2020,Aug,2020,Entertainment,935,Best physical always small almost.,UPI,Expense
31-08-2020,Aug,2020,Health & Fitness,344,Bed far section.,UPI,Expense
01-09-2020,Sep,2020,Rent,1558,Car much will.,UPI,Expense
05-09-2020,Sep,2020,Other,1385,Tree store either station.,UPI,Income
05-09-2020,Sep,2020,Travel,1156,Second full boy.,UPI,Expense
06-09-2020,Sep,2020,Shopping,799,Senior difficult put.,UPI,Expense
07-09-2020,Sep,2020,Rent,1188,Hand so add mr lawyer.,UPI,Expense
08-09-2020,Sep,2020,Entertainment,213,Herself police he push likely.,UPI,Expense
11-09-2020,Sep,2020,Rent,1594,Trip determine as statement.,UPI,Expense
11-09-2020,Sep,2020,Food & Drink,701,Bring animal also you.,UPI,Expense
11-09-2020,Sep,2020,Health & Fitness,147,Doctor mr.,UPI,Expense
16-09-2020,Sep,2020,Food & Drink,1701,He we recent music.,UPI,Expense
17-09-2020,Sep,2020,Rent,873,Those pressure street.,UPI,Expense
17-09-2020,Sep,2020,Salary,1418,Allow have kitchen.,UPI,Expense
18-09-2020,Sep,2020,Travel,1236,Between rate name within.,UPI,Expense
18-09-2020,Sep,2020,Salary,935,Huge couple.,UPI,Expense
22-09-2020,Sep,2020,Travel,651,Begin deep police wife.,UPI,Expense
22-09-2020,Sep,2020,Rent,565,During call north attention.,UPI,Expense
22-09-2020,Sep,2020,Salary,1144,Only spend do.,UPI,Expense
23-09-2020,Sep,2020,Health & Fitness,67,Able teach certain candidate economy.,UPI,Expense
23-09-2020,Sep,2020,Utilities,980,Produce ago.,UPI,Expense
25-09-2020,Sep,2020,Travel,687,So draw food company.,UPI,Expense
27-09-2020,Sep,2020,Travel,1116,Score moment second.,UPI,Expense
27-09-2020,Sep,2020,Entertainment,180,Sing message board mean.,UPI,Expense
27-09-2020,Sep,2020,Salary,1115,Feeling poor all your suggest.,UPI,Expense
29-09-2020,Sep,2020,Salary,1295,Make travel.,UPI,Expense
30-09-2020,Sep,2020,Food & Drink,195,Focus chance.,card,Expense
01-10-2020,Oct,2020,Entertainment,619,Person one republican.,card,Expense
03-10-2020,Oct,2020,Salary,1111,Most law painting between reduce.,card,Expense
04-10-2020,Oct,2020,Health & Fitness,710,Involve thousand including.,card,Expense
07-10-2020,Oct,2020,Travel,510,Indeed believe interview professor.,card,Expense
07-10-2020,Oct,2020,Investment,3084,Rather listen before.,card,Income
07-10-2020,Oct,2020,Investment,2069,It season.,card,Income
08-10-2020,Oct,2020,Salary,560,News only no.,card,Expense
08-10-2020,Oct,2020,Travel,1961,Improve them wait.,card,Expense
10-10-2020,Oct,2020,Travel,463,Why outside.,card,Expense
10-10-2020,Oct,2020,Investment,4875,Official defense.,card,Income
10-10-2020,Oct,2020,Investment,946,Suggest glass news.,card,Income
12-10-2020,Oct,2020,Utilities,1279,Off southern suddenly.,card,Expense
14-10-2020,Oct,2020,Rent,1747,Participant price.,card,Expense
15-10-2020,Oct,2020,Salary,963,Congress reflect.,card,Expense
16-10-2020,Oct,2020,Food & Drink,512,Go consider century price.,card,Expense
16-10-2020,Oct,2020,Rent,1646,Scientist will begin.,card,Expense
16-10-2020,Oct,2020,Rent,1158,Heavy law church.,card,Expense
18-10-2020,Oct,2020,Utilities,307,Since nothing be apply.,card,Expense
19-10-2020,Oct,2020,Travel,180,Anyone bank kitchen interest parent.,card,Expense
23-10-2020,Oct,2020,Shopping,1217,Democratic mention generation.,net banking,Expense
24-10-2020,Oct,2020,Entertainment,1554,Question or money.,net banking,Expense
26-10-2020,Oct,2020,Salary,602,Determine worker.,net banking,Expense
27-10-2020,Oct,2020,Shopping,618,Daughter war.,net banking,Expense
27-10-2020,Oct,2020,Rent,1896,Face build market.,net banking,Expense
27-10-2020,Oct,2020,Entertainment,537,Can mouth discover.,net banking,Expense
28-10-2020,Oct,2020,Investment,1923,Author technology amount affect.,net banking,Income
29-10-2020,Oct,2020,Utilities,15,Office of remember individual.,net banking,Expense
30-10-2020,Oct,2020,Salary,590,Again foot soon peace.,net banking,Expense
31-10-2020,Oct,2020,Travel,1409,Join black.,net banking,Expense
01-11-2020,Nov,2020,Entertainment,1849,Hundred bad that second develop.,net banking,Expense
01-11-2020,Nov,2020,Entertainment,856,Member box.,net banking,Expense
02-11-2020,Nov,2020,Utilities,1818,Town glass road.,net banking,Expense
04-11-2020,Nov,2020,Rent,129,Bill eight community.,net banking,Expense
06-11-2020,Nov,2020,Travel,884,Concern significant.,net banking,Expense
07-11-2020,Nov,2020,Travel,1402,Senior service large under.,net banking,Expense
09-11-2020,Nov,2020,Salary,881,Follow wife firm key light.,net banking,Expense
10-11-2020,Nov,2020,Shopping,1472,Option goal avoid.,net banking,Expense
10-11-2020,Nov,2020,Food & Drink,192,Also hard expert popular.,net banking,Expense
12-11-2020,Nov,2020,Food & Drink,1999,Order his oil west school.,net banking,Expense
12-11-2020,Nov,2020,Travel,1157,Training occur could painting.,net banking,Expense
14-11-2020,Nov,2020,Utilities,946,Whatever late specific.,net banking,Expense
14-11-2020,Nov,2020,Travel,371,Mean common.,net banking,Expense
14-11-2020,Nov,2020,Salary,1938,Yard model particular hair.,net banking,Expense
14-11-2020,Nov,2020,Shopping,673,Impact full our smile.,net banking,Expense
15-11-2020,Nov,2020,Utilities,666,Form newspaper.,net banking,Expense
15-11-2020,Nov,2020,Travel,1329,Edge surface who.,UPI,Expense
16-11-2020,Nov,2020,Food & Drink,915,Bank professional true financial.,UPI,Expense
16-11-2020,Nov,2020,Health & Fitness,241,Organization visit finally.,UPI,Expense
17-11-2020,Nov,2020,Food & Drink,1319,Spend prove stock school.,UPI,Expense
20-11-2020,Nov,2020,Shopping,118,Position interest.,UPI,Expense
22-11-2020,Nov,2020,Salary,1255,Guy congress.,UPI,Expense
23-11-2020,Nov,2020,Entertainment,541,Way main difficult case.,UPI,Expense
25-11-2020,Nov,2020,Other,4089,Such big side.,UPI,Income
25-11-2020,Nov,2020,Salary,252,Product then.,UPI,Expense
26-11-2020,Nov,2020,Entertainment,1422,Heavy class story side speak.,UPI,Expense
27-11-2020,Nov,2020,Food & Drink,1109,Analysis hair rest wide.,UPI,Expense
27-11-2020,Nov,2020,Investment,4280,Doctor dream whole six.,UPI,Income
29-11-2020,Nov,2020,Utilities,1002,Question now key show.,UPI,Expense
01-12-2020,Dec,2020,Travel,837,Month whom stage soon.,UPI,Expense
05-12-2020,Dec,2020,Salary,495,Appear lose he.,UPI,Expense
05-12-2020,Dec,2020,Shopping,389,Surface expect several evening town.,UPI,Expense
06-12-2020,Dec,2020,Utilities,1729,Begin treat stage this.,UPI,Expense
10-12-2020,Dec,2020,Shopping,686,Apply maybe dog yes.,UPI,Expense
10-12-2020,Dec,2020,Travel,1643,Agreement us stuff.,UPI,Expense
11-12-2020,Dec,2020,Travel,1677,Case expert stop.,UPI,Expense
12-12-2020,Dec,2020,Salary,1732,Large accept bad eight.,UPI,Expense
13-12-2020,Dec,2020,Salary,697,Vote participant institution simply down.,UPI,Expense
14-12-2020,Dec,2020,Shopping,916,Draw police.,UPI,Expense
14-12-2020,Dec,2020,Entertainment,1962,Book toward.,UPI,Expense
16-12-2020,Dec,2020,Shopping,475,Place offer.,UPI,Expense
16-12-2020,Dec,2020,Food & Drink,643,Investment pass drive.,UPI,Expense
16-12-2020,Dec,2020,Shopping,778,Professor beat window.,UPI,Expense
18-12-2020,Dec,2020,Utilities,996,Name skill medical after them.,UPI,Expense
18-12-2020,Dec,2020,Other,1322,Wonder effect administration small.,UPI,Income
20-12-2020,Dec,2020,Salary,208,Run pick sign.,UPI,Expense
20-12-2020,Dec,2020,Food & Drink,1448,And national spend.,UPI,Expense
22-12-2020,Dec,2020,Utilities,159,Wonder long consider care.,UPI,Expense
23-12-2020,Dec,2020,Travel,684,Fall analysis.,UPI,Expense
23-12-2020,Dec,2020,Rent,1705,Firm financial.,UPI,Expense
24-12-2020,Dec,2020,Shopping,1909,List already positive experience television.,UPI,Expense
25-12-2020,Dec,2020,Salary,1746,Event son join hundred.,card,Expense
26-12-2020,Dec,2020,Investment,2423,Fund cost reality happen.,card,Income
28-12-2020,Dec,2020,Travel,1995,Song risk bad.,card,Expense
30-12-2020,Dec,2020,Shopping,1957,Family bill foreign fast knowledge.,card,Expense
31-12-2020,Dec,2020,Rent,893,Ready goal amount.,card,Expense
01-01-2021,Jan,2021,Food & Drink,102,Your ever woman way avoid.,card,Expense
06-01-2021,Jan,2021,Travel,723,Message seek civil all.,card,Expense
06-01-2021,Jan,2021,Entertainment,1067,Call door.,card,Expense
08-01-2021,Jan,2021,Utilities,348,Him note painting quickly.,card,Expense
10-01-2021,Jan,2021,Other,2472,Know baby case happen.,card,Income
10-01-2021,Jan,2021,Utilities,472,Economic box save.,card,Expense
11-01-2021,Jan,2021,Salary,518,Hit no energy employee land.,card,Expense
12-01-2021,Jan,2021,Other,2856,Customer career available common.,card,Income
13-01-2021,Jan,2021,Utilities,157,Specific whose.,card,Expense
13-01-2021,Jan,2021,Travel,1281,Remember nearly face feel.,card,Expense
14-01-2021,Jan,2021,Travel,919,Soldier meeting building.,card,Expense
14-01-2021,Jan,2021,Shopping,1708,Door management guess.,card,Expense
15-01-2021,Jan,2021,Other,3440,Level work candidate this.,cash,Income
15-01-2021,Jan,2021,Travel,54,Huge response long.,cash,Expense
17-01-2021,Jan,2021,Shopping,556,Statement available win politics.,cash,Expense
17-01-2021,Jan,2021,Food & Drink,1822,Quite general there sister.,cash,Expense
19-01-2021,Jan,2021,Travel,1554,Item treat area.,cash,Expense
20-01-2021,Jan,2021,Health & Fitness,446,Check clearly follow remember generation.,cash,Expense
24-01-2021,Jan,2021,Other,1620,Suffer economy play.,cash,Income
26-01-2021,Jan,2021,Food & Drink,625,By field move.,cash,Expense
27-01-2021,Jan,2021,Health & Fitness,1467,Option oil commercial.,cash,Expense
27-01-2021,Jan,2021,Other,3176,American tell ball we side.,cash,Income
27-01-2021,Jan,2021,Utilities,410,Short indicate police.,cash,Expense
27-01-2021,Jan,2021,Health & Fitness,1066,Nation politics few each southern.,cash,Expense
29-01-2021,Jan,2021,Utilities,521,Law read citizen.,cash,Expense
02-02-2021,Feb,2021,Salary,1935,Less future century technology.,cash,Expense
05-02-2021,Feb,2021,Health & Fitness,1610,Wish candidate have no.,cash,Expense
05-02-2021,Feb,2021,Rent,290,Letter environment easy.,cash,Expense
08-02-2021,Feb,2021,Shopping,1935,Face his.,cash,Expense
08-02-2021,Feb,2021,Health & Fitness,190,While total spend.,cash,Expense
09-02-2021,Feb,2021,Travel,1078,Couple city you level.,cash,Expense
09-02-2021,Feb,2021,Travel,1173,Age war measure whom.,cash,Expense
11-02-2021,Feb,2021,Health & Fitness,226,Good anything manager think pressure.,cash,Expense
11-02-2021,Feb,2021,Food & Drink,1243,Mr suggest issue.,cash,Expense
13-02-2021,Feb,2021,Health & Fitness,1831,Shake hand hundred now.,cash,Expense
16-02-2021,Feb,2021,Rent,1274,Network available mean share.,cash,Expense
18-02-2021,Feb,2021,Travel,1302,Quite budget window hour some.,cash,Expense
19-02-2021,Feb,2021,Investment,804,Voice sense current meeting matter.,cash,Income
20-02-2021,Feb,2021,Salary,241,Case four.,cash,Expense
21-02-2021,Feb,2021,Utilities,783,Lead paper middle foreign party.,cash,Expense
23-02-2021,Feb,2021,Shopping,1179,Wrong school federal from.,cash,Expense
24-02-2021,Feb,2021,Shopping,1313,Majority none little admit former.,cash,Expense
27-02-2021,Feb,2021,Shopping,1879,On someone rise read.,cash,Expense
28-02-2021,Feb,2021,Health & Fitness,442,Listen whose situation simply officer.,cash,Expense
02-03-2021,Mar,2021,Entertainment,1712,Lose modern return simple herself.,cash,Expense
02-03-2021,Mar,2021,Other,4960,Occur red.,cash,Income
02-03-2021,Mar,2021,Health & Fitness,130,Kid industry.,cash,Expense
04-03-2021,Mar,2021,Rent,1899,Improve simple turn.,cash,Expense
05-03-2021,Mar,2021,Rent,1329,Million night your.,cash,Expense
05-03-2021,Mar,2021,Food & Drink,111,Heavy what least mouth national.,cash,Expense
07-03-2021,Mar,2021,Utilities,1576,Machine whatever everything fear walk.,cash,Expense
07-03-2021,Mar,2021,Entertainment,1177,Relate real major.,cash,Expense
08-03-2021,Mar,2021,Entertainment,664,Night various return explain.,cash,Expense
09-03-2021,Mar,2021,Investment,2771,Here woman stand west source.,cash,Income
09-03-2021,Mar,2021,Utilities,1975,Explain research.,cash,Expense
10-03-2021,Mar,2021,Utilities,229,Pretty section degree still.,cash,Expense
12-03-2021,Mar,2021,Utilities,40,Receive case past only drug.,cash,Expense
15-03-2021,Mar,2021,Entertainment,1182,Point appear including.,cash,Expense
15-03-2021,Mar,2021,Other,929,Race case.,cash,Income
16-03-2021,Mar,2021,Other,4809,Imagine various there.,cash,Income
16-03-2021,Mar,2021,Investment,4401,Sense expert experience.,cash,Income
17-03-2021,Mar,2021,Health & Fitness,1031,Present discussion.,cash,Expense
17-03-2021,Mar,2021,Investment,855,Individual study value.,cash,Income
18-03-2021,Mar,2021,Travel,922,Small control see the.,cash,Expense
19-03-2021,Mar,2021,Food & Drink,1997,Across nothing.,cash,Expense
20-03-2021,Mar,2021,Shopping,1375,Expect writer myself management.,cash,Expense
21-03-2021,Mar,2021,Salary,156,Life cover both class.,cash,Expense
22-03-2021,Mar,2021,Investment,1038,Responsibility add front.,UPI,Income
22-03-2021,Mar,2021,Other,3620,Purpose cover particularly police if.,UPI,Income
22-03-2021,Mar,2021,Travel,913,Foreign husband believe word local.,UPI,Expense
23-03-2021,Mar,2021,Rent,1588,End dog.,UPI,Expense
23-03-2021,Mar,2021,Investment,4023,Few reveal activity president.,UPI,Income
24-03-2021,Mar,2021,Entertainment,833,Property let.,UPI,Expense
25-03-2021,Mar,2021,Shopping,838,Rather type thousand show.,UPI,Expense
26-03-2021,Mar,2021,Other,3060,Happen determine whatever.,UPI,Income
27-03-2021,Mar,2021,Health & Fitness,1908,Lawyer writer health.,UPI,Expense
28-03-2021,Mar,2021,Salary,144,Serious soon stay seven.,UPI,Expense
29-03-2021,Mar,2021,Rent,869,Land region back nor article.,UPI,Expense
30-03-2021,Mar,2021,Health & Fitness,1625,Dark mr clearly take.,UPI,Expense
01-04-2021,Apr,2021,Health & Fitness,1343,Quite response.,UPI,Expense
02-04-2021,Apr,2021,Shopping,1738,Together knowledge.,UPI,Expense
03-04-2021,Apr,2021,Travel,1205,Car indeed nor next.,UPI,Expense
03-04-2021,Apr,2021,Entertainment,318,How staff.,UPI,Expense
03-04-2021,Apr,2021,Rent,707,Authority interest red must art.,UPI,Expense
08-04-2021,Apr,2021,Rent,1528,All important shoulder she.,UPI,Expense
08-04-2021,Apr,2021,Shopping,1692,Year him thank trade.,UPI,Expense
09-04-2021,Apr,2021,Food & Drink,1222,Radio product.,UPI,Expense
11-04-2021,Apr,2021,Travel,68,President girl condition.,UPI,Expense
11-04-2021,Apr,2021,Travel,1844,More road development about.,UPI,Expense
12-04-2021,Apr,2021,Utilities,1741,Leg rest interest.,UPI,Expense
13-04-2021,Apr,2021,Shopping,148,Easy get every.,UPI,Expense
18-04-2021,Apr,2021,Food & Drink,193,Special information.,UPI,Expense
19-04-2021,Apr,2021,Shopping,845,Deal beyond almost.,UPI,Expense
19-04-2021,Apr,2021,Health & Fitness,630,Scientist i doctor.,UPI,Expense
19-04-2021,Apr,2021,Rent,1768,Cell year.,UPI,Expense
19-04-2021,Apr,2021,Investment,1168,Five our pull fly few.,UPI,Income
21-04-2021,Apr,2021,Shopping,976,Determine feel article we they.,UPI,Expense
23-04-2021,Apr,2021,Travel,439,Quickly new another general poor.,UPI,Expense
23-04-2021,Apr,2021,Health & Fitness,866,Five indicate chance heavy senior.,UPI,Expense
24-04-2021,Apr,2021,Salary,1059,Support feeling remain.,UPI,Expense
27-04-2021,Apr,2021,Entertainment,797,None whose.,UPI,Expense
27-04-2021,Apr,2021,Food & Drink,417,Care drug data position two.,UPI,Expense
27-04-2021,Apr,2021,Utilities,1531,Movie stop.,UPI,Expense
30-04-2021,Apr,2021,Rent,25,Help painting always.,UPI,Expense
02-05-2021,May,2021,Utilities,267,Source onto provide.,UPI,Expense
04-05-2021,May,2021,Entertainment,1006,Decade trade field training.,UPI,Expense
04-05-2021,May,2021,Health & Fitness,153,While bring yourself.,UPI,Expense
06-05-2021,May,2021,Food & Drink,878,Receive region however.,UPI,Expense
07-05-2021,May,2021,Rent,1726,Focus executive letter possible final.,UPI,Expense
07-05-2021,May,2021,Shopping,1422,Third letter sort reveal seven.,UPI,Expense
07-05-2021,May,2021,Rent,816,Have including none.,UPI,Expense
10-05-2021,May,2021,Utilities,1605,Administration network once.,UPI,Expense
11-05-2021,May,2021,Health & Fitness,185,Charge form here.,UPI,Expense
11-05-2021,May,2021,Entertainment,877,Nearly want front shake.,UPI,Expense
12-05-2021,May,2021,Rent,798,Leave run goal cause.,UPI,Expense
14-05-2021,May,2021,Health & Fitness,451,Contain threat wrong whatever.,UPI,Expense
14-05-2021,May,2021,Rent,1026,Stuff avoid.,UPI,Expense
15-05-2021,May,2021,Investment,3362,Include successful.,UPI,Income
17-05-2021,May,2021,Utilities,480,Religious across.,UPI,Expense
19-05-2021,May,2021,Investment,1921,Health pay project pattern.,UPI,Income
22-05-2021,May,2021,Rent,363,Administration mother in admit.,UPI,Expense
23-05-2021,May,2021,Salary,933,Within admit spend purpose south.,UPI,Expense
24-05-2021,May,2021,Salary,1365,Truth modern.,UPI,Expense
24-05-2021,May,2021,Health & Fitness,1730,People education great.,UPI,Expense
24-05-2021,May,2021,Utilities,885,Health image.,UPI,Expense
25-05-2021,May,2021,Travel,1595,Wrong difficult range.,UPI,Expense
25-05-2021,May,2021,Health & Fitness,1020,Behavior here.,UPI,Expense
27-05-2021,May,2021,Salary,85,Argue act commercial matter.,UPI,Expense
27-05-2021,May,2021,Travel,163,Not teach believe month.,UPI,Expense
29-05-2021,May,2021,Rent,1234,Deep test thought.,UPI,Expense
30-05-2021,May,2021,Salary,1165,Another avoid understand.,UPI,Expense
31-05-2021,May,2021,Food & Drink,905,Probably conference sure administration debate.,UPI,Expense
31-05-2021,May,2021,Entertainment,650,Up federal nor note.,UPI,Expense
02-06-2021,Jun,2021,Utilities,1916,Forward sense cause write right.,UPI,Expense
02-06-2021,Jun,2021,Health & Fitness,1965,Approach join stuff future.,UPI,Expense
03-06-2021,Jun,2021,Investment,820,Ahead event yeah make.,UPI,Income
06-06-2021,Jun,2021,Salary,1982,Wait it quickly produce beat.,UPI,Expense
06-06-2021,Jun,2021,Utilities,734,Require bank child.,UPI,Expense
06-06-2021,Jun,2021,Shopping,823,First blood accept final.,UPI,Expense
09-06-2021,Jun,2021,Food & Drink,1581,Bill beautiful issue.,UPI,Expense
11-06-2021,Jun,2021,Rent,666,Mention billion bed never others.,UPI,Expense
11-06-2021,Jun,2021,Shopping,575,Activity including single right.,UPI,Expense
14-06-2021,Jun,2021,Utilities,673,Occur college herself.,UPI,Expense
15-06-2021,Jun,2021,Utilities,1834,Feeling manage as.,UPI,Expense
16-06-2021,Jun,2021,Shopping,267,Inside machine baby.,UPI,Expense
20-06-2021,Jun,2021,Rent,626,Result many pattern.,UPI,Expense
20-06-2021,Jun,2021,Health & Fitness,1628,Career according.,UPI,Expense
22-06-2021,Jun,2021,Rent,1296,Success here television key.,UPI,Expense
23-06-2021,Jun,2021,Health & Fitness,46,Carry fly water cut fire.,UPI,Expense
24-06-2021,Jun,2021,Entertainment,690,Fact reason make office.,UPI,Expense
26-06-2021,Jun,2021,Entertainment,461,Heavy staff hotel box.,UPI,Expense
27-06-2021,Jun,2021,Investment,2923,Or nation race.,UPI,Income
28-06-2021,Jun,2021,Rent,1020,Well left.,UPI,Expense
28-06-2021,Jun,2021,Food & Drink,1327,Something story attorney summer.,UPI,Expense
28-06-2021,Jun,2021,Utilities,1199,Cause field education child.,UPI,Expense
28-06-2021,Jun,2021,Investment,1856,Available wrong look husband.,UPI,Income
29-06-2021,Jun,2021,Food & Drink,828,Myself so growth time.,UPI,Expense
04-07-2021,Jul,2021,Entertainment,1939,Point be shoulder price great.,UPI,Expense
04-07-2021,Jul,2021,Salary,476,Worker quality hundred sell whole.,UPI,Expense
04-07-2021,Jul,2021,Salary,1809,Action else.,UPI,Expense
06-07-2021,Jul,2021,Other,4282,Newspaper reach determine hear leg.,UPI,Income
07-07-2021,Jul,2021,Shopping,1011,General agency bit.,UPI,Expense
09-07-2021,Jul,2021,Utilities,1636,Break wait.,UPI,Expense
09-07-2021,Jul,2021,Utilities,1747,Find lay deal lot.,UPI,Expense
10-07-2021,Jul,2021,Other,3540,Just recent.,UPI,Income
10-07-2021,Jul,2021,Rent,1426,Feel special.,UPI,Expense
11-07-2021,Jul,2021,Rent,577,Support possible.,UPI,Expense
11-07-2021,Jul,2021,Travel,904,Might necessary former.,UPI,Expense
11-07-2021,Jul,2021,Shopping,193,Discussion if continue policy.,UPI,Expense
12-07-2021,Jul,2021,Salary,1770,Ahead pass culture or.,UPI,Expense
13-07-2021,Jul,2021,Shopping,116,Relate day.,UPI,Expense
14-07-2021,Jul,2021,Entertainment,778,Big the cost for leader.,UPI,Expense
15-07-2021,Jul,2021,Investment,730,Month police others particularly.,UPI,Income
19-07-2021,Jul,2021,Rent,1680,Girl suddenly.,UPI,Expense
19-07-2021,Jul,2021,Utilities,284,Try opportunity public.,UPI,Expense
23-07-2021,Jul,2021,Salary,1395,Draw bring health.,UPI,Expense
23-07-2021,Jul,2021,Other,4174,Home others offer institution main.,UPI,Income
24-07-2021,Jul,2021,Rent,48,Never majority cell.,UPI,Expense
28-07-2021,Jul,2021,Utilities,1102,People tend weight machine.,UPI,Expense
29-07-2021,Jul,2021,Shopping,231,White measure manager range.,card,Expense
02-08-2021,Aug,2021,Travel,252,Major bar air set.,card,Expense
06-08-2021,Aug,2021,Salary,135,Ever mrs.,card,Expense
07-08-2021,Aug,2021,Salary,1198,Not significant manager member.,card,Expense
07-08-2021,Aug,2021,Investment,1676,Environmental myself.,card,Income
08-08-2021,Aug,2021,Food & Drink,1233,State among rest national wrong.,card,Expense
09-08-2021,Aug,2021,Shopping,383,Fear yourself last.,card,Expense
11-08-2021,Aug,2021,Health & Fitness,145,Keep yes.,card,Expense
13-08-2021,Aug,2021,Food & Drink,787,Specific onto go.,card,Expense
13-08-2021,Aug,2021,Shopping,1962,Pattern size spend.,card,Expense
15-08-2021,Aug,2021,Food & Drink,721,Go exactly much food region.,card,Expense
16-08-2021,Aug,2021,Investment,1349,Environment teach world quickly believe.,card,Income
18-08-2021,Aug,2021,Health & Fitness,275,Yeah term.,card,Expense
20-08-2021,Aug,2021,Health & Fitness,1629,Economic represent stock.,card,Expense
21-08-2021,Aug,2021,Other,4420,Central plan physical heart.,card,Income
21-08-2021,Aug,2021,Utilities,136,Idea seek.,card,Expense
22-08-2021,Aug,2021,Salary,84,Wear force able similar.,card,Expense
23-08-2021,Aug,2021,Entertainment,1773,Play recently sure somebody.,card,Expense
24-08-2021,Aug,2021,Travel,1036,Why station manager.,card,Expense
25-08-2021,Aug,2021,Salary,514,Front official not.,card,Expense
27-08-2021,Aug,2021,Entertainment,579,Thus several animal phone.,card,Expense
29-08-2021,Aug,2021,Food & Drink,1733,Buy tax.,card,Expense
05-09-2021,Sep,2021,Rent,1601,A when dark read.,card,Expense
06-09-2021,Sep,2021,Shopping,1489,City usually ever.,card,Expense
09-09-2021,Sep,2021,Shopping,685,Bar professor power.,card,Expense
09-09-2021,Sep,2021,Other,3509,Personal rise sense investment.,card,Income
09-09-2021,Sep,2021,Travel,1604,Ability live.,card,Expense
10-09-2021,Sep,2021,Rent,867,Difficult quite act receive stage.,card,Expense
11-09-2021,Sep,2021,Utilities,1095,Local director become.,card,Expense
11-09-2021,Sep,2021,Rent,663,Finish thing.,card,Expense
11-09-2021,Sep,2021,Salary,1209,Similar send card year.,card,Expense
11-09-2021,Sep,2021,Salary,710,Most across.,card,Expense
15-09-2021,Sep,2021,Other,4063,Goal defense security turn.,card,Income
16-09-2021,Sep,2021,Food & Drink,159,Beautiful beyond sell.,card,Expense
16-09-2021,Sep,2021,Health & Fitness,1031,White fire cause everybody.,card,Expense
17-09-2021,Sep,2021,Utilities,1906,Network outside parent.,card,Expense
17-09-2021,Sep,2021,Other,785,Day parent country.,card,Income
19-09-2021,Sep,2021,Investment,3500,Position six soldier.,card,Income
19-09-2021,Sep,2021,Food & Drink,1214,History drop point audience.,card,Expense
19-09-2021,Sep,2021,Health & Fitness,750,Value car team nothing.,card,Expense
19-09-2021,Sep,2021,Utilities,1064,Raise several west side admit.,card,Expense
20-09-2021,Sep,2021,Travel,507,Energy always.,UPI,Expense
21-09-2021,Sep,2021,Investment,4588,Media pick may indeed.,UPI,Income
28-09-2021,Sep,2021,Rent,531,Policy mrs.,UPI,Expense
01-10-2021,Oct,2021,Salary,437,Base bad tv.,UPI,Expense
07-10-2021,Oct,2021,Salary,408,Force only shake power poor.,UPI,Expense
08-10-2021,Oct,2021,Investment,4203,Role suffer around beat.,UPI,Income
13-10-2021,Oct,2021,Other,1219,Law participant.,UPI,Income
13-10-2021,Oct,2021,Health & Fitness,1339,Budget remain reduce.,UPI,Expense
13-10-2021,Oct,2021,Travel,1784,Well mission situation result.,UPI,Expense
16-10-2021,Oct,2021,Utilities,1589,Camera sit environmental though.,UPI,Expense
20-10-2021,Oct,2021,Rent,1970,Southern evening ask republican.,UPI,Expense
21-10-2021,Oct,2021,Entertainment,1583,Baby lawyer growth matter note.,UPI,Expense
22-10-2021,Oct,2021,Other,4328,Effort bill off.,UPI,Income
24-10-2021,Oct,2021,Utilities,1228,Scientist able teach.,UPI,Expense
24-10-2021,Oct,2021,Other,3761,Animal hair turn.,UPI,Income
27-10-2021,Oct,2021,Salary,1056,Need trial.,UPI,Expense
27-10-2021,Oct,2021,Rent,259,Focus indicate result.,UPI,Expense
30-10-2021,Oct,2021,Rent,905,Number budget.,UPI,Expense
03-11-2021,Nov,2021,Health & Fitness,265,Development middle animal.,UPI,Expense
04-11-2021,Nov,2021,Utilities,1538,Theory tend.,UPI,Expense
05-11-2021,Nov,2021,Investment,1517,Beat lead hard factor.,UPI,Income
05-11-2021,Nov,2021,Travel,338,Drug happy will young simply.,UPI,Expense
06-11-2021,Nov,2021,Entertainment,699,Character usually agency.,UPI,Expense
07-11-2021,Nov,2021,Travel,1693,Player really act friend.,UPI,Expense
10-11-2021,Nov,2021,Travel,259,Billion morning draw.,UPI,Expense
15-11-2021,Nov,2021,Rent,1010,Win central.,UPI,Expense
16-11-2021,Nov,2021,Investment,1902,Analysis discuss.,UPI,Income
17-11-2021,Nov,2021,Health & Fitness,1687,Red head window be.,UPI,Expense
18-11-2021,Nov,2021,Food & Drink,172,Card star avoid nothing.,UPI,Expense
18-11-2021,Nov,2021,Travel,1306,Door end fire.,UPI,Expense
19-11-2021,Nov,2021,Shopping,1240,Fish evening avoid dark.,UPI,Expense
21-11-2021,Nov,2021,Other,2974,Choice clearly.,UPI,Income
21-11-2021,Nov,2021,Shopping,602,Image movie who debate.,UPI,Expense
21-11-2021,Nov,2021,Investment,1794,Enter build citizen rather.,UPI,Income
23-11-2021,Nov,2021,Salary,934,Structure foreign before.,UPI,Expense
26-11-2021,Nov,2021,Utilities,632,How any federal star.,UPI,Expense
27-11-2021,Nov,2021,Health & Fitness,1951,Weight take.,UPI,Expense
28-11-2021,Nov,2021,Other,4718,Economic left sound cause activity.,UPI,Income
01-12-2021,Dec,2021,Health & Fitness,491,Cup hundred rather.,UPI,Expense
02-12-2021,Dec,2021,Other,2530,Only true avoid young cup.,UPI,Income
03-12-2021,Dec,2021,Investment,2877,Begin suggest speak.,UPI,Income
03-12-2021,Dec,2021,Shopping,504,Walk anything.,UPI,Expense
08-12-2021,Dec,2021,Utilities,1629,Start house ahead raise.,UPI,Expense
09-12-2021,Dec,2021,Health & Fitness,388,Democrat cost evidence third.,UPI,Expense
09-12-2021,Dec,2021,Other,4585,People early far include nearly.,UPI,Income
11-12-2021,Dec,2021,Salary,56,Evidence case.,UPI,Expense
12-12-2021,Dec,2021,Salary,1934,Eat yes myself affect him.,UPI,Expense
13-12-2021,Dec,2021,Health & Fitness,107,Name machine tree maybe.,UPI,Expense
13-12-2021,Dec,2021,Salary,579,Conference five despite.,UPI,Expense
15-12-2021,Dec,2021,Investment,4030,Speak line.,UPI,Income
15-12-2021,Dec,2021,Other,3496,Yourself wind beyond prevent entire.,UPI,Income
16-12-2021,Dec,2021,Health & Fitness,100,Offer work home.,UPI,Expense
19-12-2021,Dec,2021,Investment,3469,Door fish scene.,UPI,Income
20-12-2021,Dec,2021,Rent,779,Agreement red way nor none.,UPI,Expense
20-12-2021,Dec,2021,Travel,1652,My compare also argue.,UPI,Expense
23-12-2021,Dec,2021,Rent,266,Money a.,UPI,Expense
24-12-2021,Dec,2021,Other,3277,Future concern sort.,UPI,Income
26-12-2021,Dec,2021,Health & Fitness,1512,Against only.,UPI,Expense
28-12-2021,Dec,2021,Other,4596,Suffer team.,UPI,Income
31-12-2021,Dec,2021,Investment,1622,Relate product only from.,UPI,Income
01-01-2022,Jan,2022,Salary,1043,Wish run join.,UPI,Expense
03-01-2022,Jan,2022,Investment,3186,Company why really up.,UPI,Income
03-01-2022,Jan,2022,Health & Fitness,333,Program sport her.,UPI,Expense
03-01-2022,Jan,2022,Travel,1192,Concern ability reduce.,UPI,Expense
04-01-2022,Jan,2022,Salary,1420,Surface side nothing consider.,UPI,Expense
05-01-2022,Jan,2022,Food & Drink,743,Determine not view cell seat.,UPI,Expense
06-01-2022,Jan,2022,Shopping,1172,Word collection those become.,UPI,Expense
08-01-2022,Jan,2022,Food & Drink,1198,Activity decide really go.,UPI,Expense
09-01-2022,Jan,2022,Entertainment,1446,Answer just.,UPI,Expense
13-01-2022,Jan,2022,Utilities,1053,This manage her.,UPI,Expense
13-01-2022,Jan,2022,Shopping,304,Big look tell prepare.,UPI,Expense
14-01-2022,Jan,2022,Food & Drink,1149,Later son almost.,UPI,Expense
16-01-2022,Jan,2022,Entertainment,48,End bit game thousand.,UPI,Expense
16-01-2022,Jan,2022,Utilities,832,Natural together.,UPI,Expense
18-01-2022,Jan,2022,Salary,1747,Order party lot all.,UPI,Expense
18-01-2022,Jan,2022,Food & Drink,1414,Threat church big day couple.,UPI,Expense
21-01-2022,Jan,2022,Health & Fitness,1996,Enter example down anyone occur.,UPI,Expense
21-01-2022,Jan,2022,Shopping,634,Approach about because.,UPI,Expense
22-01-2022,Jan,2022,Other,4975,Best deal point.,UPI,Income
23-01-2022,Jan,2022,Travel,1224,Such final however major.,UPI,Expense
24-01-2022,Jan,2022,Investment,2785,Politics hold.,UPI,Income
28-01-2022,Jan,2022,Entertainment,1884,Hard knowledge enjoy let.,UPI,Expense
01-02-2022,Feb,2022,Travel,1413,Nor character recent.,UPI,Expense
02-02-2022,Feb,2022,Salary,641,Property space.,UPI,Expense
05-02-2022,Feb,2022,Travel,583,Dinner article hit mission whole.,UPI,Expense
05-02-2022,Feb,2022,Shopping,1793,Think live bad total research.,UPI,Expense
06-02-2022,Feb,2022,Health & Fitness,1910,Too song quality per build.,UPI,Expense
08-02-2022,Feb,2022,Travel,94,We cold deep.,UPI,Expense
08-02-2022,Feb,2022,Rent,699,Amount bad raise.,UPI,Expense
09-02-2022,Feb,2022,Travel,1497,Challenge organization floor road southern.,UPI,Expense
10-02-2022,Feb,2022,Travel,1867,News need task mind.,UPI,Expense
10-02-2022,Feb,2022,Utilities,227,Onto site both change note.,UPI,Expense
10-02-2022,Feb,2022,Entertainment,492,Understand none.,UPI,Expense
10-02-2022,Feb,2022,Entertainment,1280,Test they there.,UPI,Expense
11-02-2022,Feb,2022,Other,3205,Pressure occur list common.,UPI,Income
14-02-2022,Feb,2022,Rent,1366,Peace race i.,UPI,Expense
17-02-2022,Feb,2022,Investment,3833,Real any little environmental.,UPI,Income
17-02-2022,Feb,2022,Salary,960,Full soldier.,UPI,Expense
17-02-2022,Feb,2022,Other,3131,Successful teach range.,UPI,Income
17-02-2022,Feb,2022,Food & Drink,1817,Feel season similar.,UPI,Expense
18-02-2022,Feb,2022,Investment,4883,Rock painting become.,UPI,Income
21-02-2022,Feb,2022,Food & Drink,1827,Tree imagine machine.,UPI,Expense
22-02-2022,Feb,2022,Investment,797,Start middle city find.,UPI,Income
22-02-2022,Feb,2022,Shopping,1578,Career surface these ahead.,UPI,Expense
25-02-2022,Feb,2022,Other,806,Student economic lead.,UPI,Income
27-02-2022,Feb,2022,Investment,3244,Ever statement measure.,UPI,Income
01-03-2022,Mar,2022,Salary,1780,Drop major.,UPI,Expense
02-03-2022,Mar,2022,Other,2735,Whether listen necessary.,UPI,Income
04-03-2022,Mar,2022,Investment,3208,Study else store.,UPI,Income
05-03-2022,Mar,2022,Other,2607,Agree anyone take.,UPI,Income
07-03-2022,Mar,2022,Food & Drink,1476,Positive question especially.,UPI,Expense
07-03-2022,Mar,2022,Entertainment,359,After sister should across treatment.,UPI,Expense
12-03-2022,Mar,2022,Shopping,1656,Song difference part wall require.,UPI,Expense
14-03-2022,Mar,2022,Rent,808,Time surface learn design.,UPI,Expense
17-03-2022,Mar,2022,Investment,4411,Station however bill memory production.,UPI,Income
17-03-2022,Mar,2022,Entertainment,24,Positive participant fear blue as.,UPI,Expense
18-03-2022,Mar,2022,Salary,1510,Technology end represent throughout.,UPI,Expense
18-03-2022,Mar,2022,Travel,1169,Change she tonight.,UPI,Expense
18-03-2022,Mar,2022,Travel,1311,Race return pretty young.,UPI,Expense
20-03-2022,Mar,2022,Food & Drink,1339,Identify say on yes.,UPI,Expense
20-03-2022,Mar,2022,Utilities,817,Risk develop movement size.,UPI,Expense
22-03-2022,Mar,2022,Travel,1384,Feel color price next.,UPI,Expense
23-03-2022,Mar,2022,Travel,741,Likely scientist.,UPI,Expense
23-03-2022,Mar,2022,Utilities,962,Water tonight pressure.,UPI,Expense
24-03-2022,Mar,2022,Health & Fitness,838,Development the inside thought.,UPI,Expense
25-03-2022,Mar,2022,Salary,1517,One less brother.,UPI,Expense
26-03-2022,Mar,2022,Entertainment,1526,Oil per line create build.,UPI,Expense
27-03-2022,Mar,2022,Rent,1056,Fear approach take case customer.,UPI,Expense
28-03-2022,Mar,2022,Health & Fitness,165,Throughout would century television congress.,UPI,Expense
28-03-2022,Mar,2022,Food & Drink,1659,Forward would finish around.,UPI,Expense
28-03-2022,Mar,2022,Entertainment,1150,Decide similar office.,UPI,Expense
28-03-2022,Mar,2022,Other,4762,Size sister can its.,UPI,Income
29-03-2022,Mar,2022,Entertainment,1437,Investment local above move.,UPI,Expense
29-03-2022,Mar,2022,Salary,1619,Throughout series.,card,Expense
31-03-2022,Mar,2022,Shopping,919,Adult above safe.,card,Expense
31-03-2022,Mar,2022,Other,3024,Fine bill me fill.,card,Income
31-03-2022,Mar,2022,Shopping,516,Fear fact.,card,Expense
01-04-2022,Apr,2022,Investment,1098,Model its rather card you.,card,Income
01-04-2022,Apr,2022,Other,1022,Seek close trade speech.,card,Income
01-04-2022,Apr,2022,Food & Drink,1870,Difference world deep.,net banking,Expense
01-04-2022,Apr,2022,Other,759,Mean but represent society heart.,net banking,Income
02-04-2022,Apr,2022,Utilities,1540,Perhaps order answer blue structure.,net banking,Expense
02-04-2022,Apr,2022,Shopping,755,Indicate herself.,net banking,Expense
03-04-2022,Apr,2022,Salary,1741,Listen check receive.,net banking,Expense
03-04-2022,Apr,2022,Shopping,170,Inside big minute.,net banking,Expense
04-04-2022,Apr,2022,Utilities,1311,Store bit responsibility brother.,net banking,Expense
05-04-2022,Apr,2022,Utilities,1986,Marriage participant.,net banking,Expense
08-04-2022,Apr,2022,Utilities,1458,Win group important civil nature.,net banking,Expense
09-04-2022,Apr,2022,Food & Drink,1515,Former able public trade.,net banking,Expense
09-04-2022,Apr,2022,Salary,1350,Chance bed memory rich.,net banking,Expense
10-04-2022,Apr,2022,Shopping,1648,Popular lead with.,net banking,Expense
10-04-2022,Apr,2022,Health & Fitness,319,Anyone spend them system.,net banking,Expense
16-04-2022,Apr,2022,Investment,763,International break surface three.,net banking,Income
18-04-2022,Apr,2022,Shopping,1234,Professional color group.,net banking,Expense
18-04-2022,Apr,2022,Food & Drink,489,Environmental run head garden box.,net banking,Expense
21-04-2022,Apr,2022,Investment,4157,Even history surface son.,net banking,Income
22-04-2022,Apr,2022,Food & Drink,497,Car risk.,net banking,Expense
22-04-2022,Apr,2022,Other,2419,Indeed opportunity.,net banking,Income
24-04-2022,Apr,2022,Food & Drink,289,Consider here grow agreement.,net banking,Expense
24-04-2022,Apr,2022,Entertainment,1633,Turn both in animal.,net banking,Expense
29-04-2022,Apr,2022,Health & Fitness,1159,Actually than modern season.,UPI,Expense
30-04-2022,Apr,2022,Health & Fitness,481,Within prove full.,UPI,Expense
02-05-2022,May,2022,Entertainment,833,Believe product eat generation put.,UPI,Expense
02-05-2022,May,2022,Utilities,1256,Stuff next write.,UPI,Expense
03-05-2022,May,2022,Salary,103,Poor church.,UPI,Expense
05-05-2022,May,2022,Shopping,1574,Thank avoid man drive.,UPI,Expense
05-05-2022,May,2022,Shopping,822,Medical nearly.,UPI,Expense
06-05-2022,May,2022,Utilities,1511,Stage bad know of.,UPI,Expense
07-05-2022,May,2022,Entertainment,608,Language budget market president.,UPI,Expense
07-05-2022,May,2022,Salary,1830,Include news a before.,UPI,Expense
07-05-2022,May,2022,Shopping,1119,None pressure lay future stay.,UPI,Expense
08-05-2022,May,2022,Investment,2588,Forward should outside respond.,UPI,Income
08-05-2022,May,2022,Rent,1845,Box service develop game.,UPI,Expense
09-05-2022,May,2022,Rent,1076,Miss reduce animal clearly cell.,UPI,Expense
09-05-2022,May,2022,Food & Drink,544,Effect cultural.,UPI,Expense
11-05-2022,May,2022,Food & Drink,1749,Democratic station course full.,UPI,Expense
13-05-2022,May,2022,Investment,4427,Unit study.,UPI,Income
13-05-2022,May,2022,Health & Fitness,613,Leader operation mean white.,UPI,Expense
14-05-2022,May,2022,Entertainment,1875,Save network item one under.,UPI,Expense
19-05-2022,May,2022,Rent,1496,Community spring billion price paper.,UPI,Expense
19-05-2022,May,2022,Entertainment,1394,Thing industry participant realize.,UPI,Expense
20-05-2022,May,2022,Shopping,1831,Huge garden family.,UPI,Expense
20-05-2022,May,2022,Travel,768,Include record security.,UPI,Expense
22-05-2022,May,2022,Health & Fitness,624,Team republican very plan cut.,UPI,Expense
23-05-2022,May,2022,Salary,937,Tv car report window.,UPI,Expense
24-05-2022,May,2022,Salary,1526,My pm report set.,UPI,Expense
24-05-2022,May,2022,Entertainment,748,Old wall report purpose.,UPI,Expense
25-05-2022,May,2022,Entertainment,1485,There institution actually.,UPI,Expense
27-05-2022,May,2022,Other,2918,Herself apply.,UPI,Income
28-05-2022,May,2022,Other,2384,Environment size worker.,UPI,Income
29-05-2022,May,2022,Entertainment,1004,Style real far.,UPI,Expense
29-05-2022,May,2022,Health & Fitness,522,Grow laugh.,UPI,Expense
30-05-2022,May,2022,Salary,927,Score night down.,UPI,Expense
30-05-2022,May,2022,Health & Fitness,347,Unit hold.,UPI,Expense
31-05-2022,May,2022,Salary,376,Approach season data than team.,UPI,Expense
01-06-2022,Jun,2022,Food & Drink,1053,Treatment relate positive.,UPI,Expense
01-06-2022,Jun,2022,Rent,1891,Cultural right cover large work.,UPI,Expense
04-06-2022,Jun,2022,Food & Drink,831,While same budget.,UPI,Expense
04-06-2022,Jun,2022,Entertainment,145,Evidence enough claim suffer.,UPI,Expense
06-06-2022,Jun,2022,Investment,4642,Letter visit always up.,UPI,Income
07-06-2022,Jun,2022,Food & Drink,1239,Past product make of group.,UPI,Expense
07-06-2022,Jun,2022,Salary,1322,Detail contain attention measure indeed.,UPI,Expense
11-06-2022,Jun,2022,Other,597,Begin determine degree forward.,UPI,Income
11-06-2022,Jun,2022,Other,4888,Despite sell most.,UPI,Income
12-06-2022,Jun,2022,Food & Drink,1009,Boy generation.,UPI,Expense
12-06-2022,Jun,2022,Shopping,1614,Truth during always those high.,UPI,Expense
12-06-2022,Jun,2022,Rent,1837,Either rich agency might.,UPI,Expense
13-06-2022,Jun,2022,Entertainment,392,Sort knowledge analysis together court.,UPI,Expense
17-06-2022,Jun,2022,Health & Fitness,542,Way cold.,UPI,Expense
17-06-2022,Jun,2022,Health & Fitness,1919,Account assume prove similar ten.,UPI,Expense
18-06-2022,Jun,2022,Entertainment,1981,Day stock.,UPI,Expense
19-06-2022,Jun,2022,Rent,1311,Section child.,UPI,Expense
20-06-2022,Jun,2022,Food & Drink,196,Also available concern edge.,UPI,Expense
21-06-2022,Jun,2022,Salary,122,Start treat imagine later identify.,UPI,Expense
21-06-2022,Jun,2022,Investment,1177,Hope brother.,UPI,Income
23-06-2022,Jun,2022,Shopping,1293,As second animal summer group.,UPI,Expense
23-06-2022,Jun,2022,Rent,1791,Face rate.,UPI,Expense
25-06-2022,Jun,2022,Entertainment,431,She join house.,UPI,Expense
25-06-2022,Jun,2022,Salary,549,Choose detail section someone.,UPI,Expense
26-06-2022,Jun,2022,Travel,1800,Whether century quality.,UPI,Expense
26-06-2022,Jun,2022,Food & Drink,367,Network never.,UPI,Expense
30-06-2022,Jun,2022,Food & Drink,1923,Above others.,UPI,Expense
01-07-2022,Jul,2022,Shopping,1858,Water fight security tough gas.,UPI,Expense
02-07-2022,Jul,2022,Entertainment,1138,Central contain pattern education boy.,UPI,Expense
04-07-2022,Jul,2022,Health & Fitness,774,Surface usually.,UPI,Expense
04-07-2022,Jul,2022,Rent,1007,Popular available public economy.,UPI,Expense
04-07-2022,Jul,2022,Food & Drink,204,Maintain former campaign pretty beyond.,UPI,Expense
05-07-2022,Jul,2022,Rent,688,Fish late pattern.,UPI,Expense
06-07-2022,Jul,2022,Shopping,1938,Charge note space when collection.,UPI,Expense
13-07-2022,Jul,2022,Travel,1569,Size republican political.,UPI,Expense
17-07-2022,Jul,2022,Entertainment,718,Care run there leg.,UPI,Expense
17-07-2022,Jul,2022,Shopping,380,Main board population.,UPI,Expense
17-07-2022,Jul,2022,Shopping,181,Teach cause mrs.,UPI,Expense
18-07-2022,Jul,2022,Entertainment,1429,Baby away affect medical all.,UPI,Expense
18-07-2022,Jul,2022,Investment,3612,If operation trade necessary myself.,UPI,Income
19-07-2022,Jul,2022,Utilities,1482,President chance hotel through.,UPI,Expense
20-07-2022,Jul,2022,Rent,192,Let member however.,UPI,Expense
22-07-2022,Jul,2022,Salary,726,Production summer.,UPI,Expense
25-07-2022,Jul,2022,Utilities,184,Cell city not not the.,UPI,Expense
27-07-2022,Jul,2022,Shopping,216,Voice american seven discussion.,UPI,Expense
27-07-2022,Jul,2022,Investment,3157,Doctor protect military social.,UPI,Income
27-07-2022,Jul,2022,Food & Drink,591,Truth thing always possible.,UPI,Expense
27-07-2022,Jul,2022,Rent,1452,Plant event score official now.,UPI,Expense
28-07-2022,Jul,2022,Entertainment,1148,Half president structure might.,UPI,Expense
28-07-2022,Jul,2022,Other,1888,Might good test.,UPI,Income
29-07-2022,Jul,2022,Other,2698,Thought according think key.,UPI,Income
30-07-2022,Jul,2022,Rent,343,Method exactly.,UPI,Expense
31-07-2022,Jul,2022,Travel,974,Church own stage.,UPI,Expense
02-08-2022,Aug,2022,Other,2520,Specific result loss long.,UPI,Income
02-08-2022,Aug,2022,Salary,1192,Claim street against amount of.,UPI,Expense
03-08-2022,Aug,2022,Investment,1609,Picture always occur.,UPI,Income
04-08-2022,Aug,2022,Shopping,671,Election conference when.,UPI,Expense
06-08-2022,Aug,2022,Health & Fitness,886,These road.,UPI,Expense
07-08-2022,Aug,2022,Utilities,608,Describe paper.,UPI,Expense
12-08-2022,Aug,2022,Entertainment,963,Color store over some.,UPI,Expense
13-08-2022,Aug,2022,Other,3114,Process enough right garden law.,UPI,Income
15-08-2022,Aug,2022,Salary,1936,Her car admit.,UPI,Expense
15-08-2022,Aug,2022,Health & Fitness,758,Range step painting concern.,UPI,Expense
16-08-2022,Aug,2022,Shopping,736,Me brother lot candidate owner.,UPI,Expense
16-08-2022,Aug,2022,Entertainment,1189,Miss have analysis morning.,UPI,Expense
17-08-2022,Aug,2022,Food & Drink,1906,Smile high open scientist.,UPI,Expense
18-08-2022,Aug,2022,Entertainment,883,International effort.,UPI,Expense
19-08-2022,Aug,2022,Rent,1640,Exist theory.,UPI,Expense
21-08-2022,Aug,2022,Shopping,1349,Country remember smile.,UPI,Expense
21-08-2022,Aug,2022,Other,2482,Brother according pressure reach firm.,UPI,Income
22-08-2022,Aug,2022,Utilities,1433,Choice prepare.,UPI,Expense
22-08-2022,Aug,2022,Rent,904,Talk interest hand.,UPI,Expense
23-08-2022,Aug,2022,Shopping,1073,Sense including six lot.,cash,Expense
24-08-2022,Aug,2022,Shopping,1092,Never effect fill general relationship.,cash,Expense
26-08-2022,Aug,2022,Health & Fitness,1406,Security land record.,cash,Expense
26-08-2022,Aug,2022,Rent,228,Democrat hundred.,cash,Expense
28-08-2022,Aug,2022,Health & Fitness,341,Pass range appear home player.,cash,Expense
29-08-2022,Aug,2022,Shopping,1934,Likely outside because.,cash,Expense
30-08-2022,Aug,2022,Shopping,221,He participant right.,cash,Expense
31-08-2022,Aug,2022,Investment,4683,Prevent expert white arm similar.,cash,Income
31-08-2022,Aug,2022,Entertainment,897,Keep cut prevent sound.,cash,Expense
01-09-2022,Sep,2022,Utilities,696,Almost outside middle.,cash,Expense
02-09-2022,Sep,2022,Investment,2920,College already dream a church.,cash,Income
03-09-2022,Sep,2022,Rent,241,Good house only military.,cash,Expense
03-09-2022,Sep,2022,Utilities,703,Near risk.,UPI,Expense
03-09-2022,Sep,2022,Entertainment,1047,Give white everybody paper create.,UPI,Expense
04-09-2022,Sep,2022,Rent,882,Above company media next me.,UPI,Expense
04-09-2022,Sep,2022,Health & Fitness,144,Sort what.,UPI,Expense
05-09-2022,Sep,2022,Investment,685,Economic kind help low during.,UPI,Income
06-09-2022,Sep,2022,Rent,1358,Race to television loss.,UPI,Expense
07-09-2022,Sep,2022,Investment,4727,Him small.,UPI,Income
08-09-2022,Sep,2022,Investment,3211,Son include good.,UPI,Income
10-09-2022,Sep,2022,Salary,471,Red enjoy.,UPI,Expense
11-09-2022,Sep,2022,Utilities,381,Human see.,UPI,Expense
11-09-2022,Sep,2022,Shopping,68,Never condition.,UPI,Expense
12-09-2022,Sep,2022,Entertainment,905,Despite off consumer second.,UPI,Expense
14-09-2022,Sep,2022,Food & Drink,1412,Say dog drug enter.,UPI,Expense
15-09-2022,Sep,2022,Rent,1159,Strong student green.,UPI,Expense
15-09-2022,Sep,2022,Utilities,738,Turn put professional.,UPI,Expense
17-09-2022,Sep,2022,Investment,2649,When summer he firm together.,UPI,Income
18-09-2022,Sep,2022,Salary,1060,Make worker trouble.,UPI,Expense
19-09-2022,Sep,2022,Shopping,1227,Develop office approach son.,UPI,Expense
19-09-2022,Sep,2022,Health & Fitness,710,Allow girl team simply lead.,UPI,Expense
21-09-2022,Sep,2022,Utilities,1629,Least ready activity decision ok.,UPI,Expense
23-09-2022,Sep,2022,Travel,1838,Party employee nature down.,UPI,Expense
26-09-2022,Sep,2022,Utilities,633,Gas contain interest industry sell.,UPI,Expense
26-09-2022,Sep,2022,Rent,374,Evidence conference capital office.,UPI,Expense
28-09-2022,Sep,2022,Shopping,842,Result sound.,UPI,Expense
29-09-2022,Sep,2022,Other,3965,Task cultural son school.,UPI,Income
29-09-2022,Sep,2022,Investment,1866,Computer matter.,UPI,Income
30-09-2022,Sep,2022,Utilities,382,Result size feel no nothing.,UPI,Expense
01-10-2022,Oct,2022,Food & Drink,1732,Real art.,UPI,Expense
02-10-2022,Oct,2022,Salary,282,Stuff benefit seat employee.,UPI,Expense
03-10-2022,Oct,2022,Salary,824,Newspaper special general in go.,UPI,Expense
04-10-2022,Oct,2022,Salary,983,Office power company sister great.,UPI,Expense
04-10-2022,Oct,2022,Investment,2306,Simple land bad party.,UPI,Income
05-10-2022,Oct,2022,Travel,457,What than political up instead.,UPI,Expense
08-10-2022,Oct,2022,Salary,1136,Support author class direction.,UPI,Expense
10-10-2022,Oct,2022,Salary,1104,Report painting house.,UPI,Expense
12-10-2022,Oct,2022,Investment,2694,Security minute late cold.,UPI,Income
12-10-2022,Oct,2022,Health & Fitness,1089,Road product wait.,UPI,Expense
13-10-2022,Oct,2022,Salary,1097,Cold billion as.,UPI,Expense
19-10-2022,Oct,2022,Rent,1475,Approach side model you billion.,UPI,Expense
19-10-2022,Oct,2022,Entertainment,602,Pressure those.,UPI,Expense
20-10-2022,Oct,2022,Salary,533,Easy exist phone.,UPI,Expense
21-10-2022,Oct,2022,Rent,884,Stuff agreement professional team foot.,UPI,Expense
22-10-2022,Oct,2022,Entertainment,428,Window music evening know.,UPI,Expense
23-10-2022,Oct,2022,Health & Fitness,1723,Opportunity lead see.,UPI,Expense
25-10-2022,Oct,2022,Shopping,340,Model police finally girl.,UPI,Expense
28-10-2022,Oct,2022,Investment,2195,Source kind hand.,UPI,Income
30-10-2022,Oct,2022,Health & Fitness,1069,Field a spring.,UPI,Expense
31-10-2022,Oct,2022,Utilities,654,Expert movement reach man.,UPI,Expense
03-11-2022,Nov,2022,Travel,1150,Across involve fall.,UPI,Expense
04-11-2022,Nov,2022,Rent,280,Nature country.,UPI,Expense
05-11-2022,Nov,2022,Shopping,1838,House clear say hope.,UPI,Expense
07-11-2022,Nov,2022,Utilities,1406,Enjoy instead dream.,UPI,Expense
07-11-2022,Nov,2022,Investment,3138,Possible mother especially.,UPI,Income
09-11-2022,Nov,2022,Shopping,984,Consumer face.,UPI,Expense
10-11-2022,Nov,2022,Travel,1259,Laugh red man fly charge.,UPI,Expense
13-11-2022,Nov,2022,Rent,1271,Control bill.,UPI,Expense
14-11-2022,Nov,2022,Rent,812,Resource road do.,UPI,Expense
14-11-2022,Nov,2022,Health & Fitness,915,Management game.,UPI,Expense
15-11-2022,Nov,2022,Food & Drink,1739,Your less social form.,UPI,Expense
17-11-2022,Nov,2022,Rent,1465,Entire hotel.,UPI,Expense
17-11-2022,Nov,2022,Health & Fitness,1702,Consider time economic high.,UPI,Expense
18-11-2022,Nov,2022,Shopping,443,Window research his.,UPI,Expense
19-11-2022,Nov,2022,Entertainment,994,Scene almost leave.,UPI,Expense
21-11-2022,Nov,2022,Travel,682,Program decade home which view.,UPI,Expense
22-11-2022,Nov,2022,Salary,1579,Rock seat near business loss.,card,Expense
26-11-2022,Nov,2022,Food & Drink,101,Growth appear project.,card,Expense
26-11-2022,Nov,2022,Salary,42,Plan foot cold.,card,Expense
28-11-2022,Nov,2022,Utilities,888,Build smile across among situation.,card,Expense
28-11-2022,Nov,2022,Other,2157,Choice side eat matter rather.,card,Income
01-12-2022,Dec,2022,Utilities,1765,Art green child movie blue.,card,Expense
03-12-2022,Dec,2022,Travel,196,First next popular.,card,Expense
04-12-2022,Dec,2022,Rent,750,Run again help right.,card,Expense
05-12-2022,Dec,2022,Utilities,113,Magazine join.,card,Expense
05-12-2022,Dec,2022,Entertainment,864,Recent couple cost girl run.,card,Expense
07-12-2022,Dec,2022,Investment,508,Trial never attention choice fast.,card,Income
12-12-2022,Dec,2022,Rent,274,Happen a point here control.,card,Expense
13-12-2022,Dec,2022,Salary,28,Task simply draw return probably.,card,Expense
15-12-2022,Dec,2022,Rent,1976,Couple raise she child.,card,Expense
16-12-2022,Dec,2022,Utilities,961,Important focus benefit probably.,card,Expense
18-12-2022,Dec,2022,Rent,1464,Condition all blood.,card,Expense
22-12-2022,Dec,2022,Other,3511,All politics.,card,Income
28-12-2022,Dec,2022,Utilities,772,Moment red eight hand.,card,Expense
30-12-2022,Dec,2022,Utilities,1287,Us decade.,card,Expense
31-12-2022,Dec,2022,Rent,1066,Life police.,card,Expense
03-01-2023,Jan,2023,Investment,4105,Sea three state some around.,card,Income
04-01-2023,Jan,2023,Entertainment,1260,American audience fight war whether.,card,Expense
04-01-2023,Jan,2023,Other,4124,Rise mother.,card,Income
06-01-2023,Jan,2023,Rent,1794,Moment eat personal.,card,Expense
09-01-2023,Jan,2023,Investment,3645,See indeed black police group.,card,Income
10-01-2023,Jan,2023,Shopping,636,Third coach congress husband.,card,Expense
11-01-2023,Jan,2023,Other,1190,Move outside value.,card,Income
13-01-2023,Jan,2023,Travel,1560,Yard foot he share issue.,card,Expense
15-01-2023,Jan,2023,Travel,419,Drive nation heart nearly season.,card,Expense
16-01-2023,Jan,2023,Entertainment,1498,Language however risk work.,card,Expense
17-01-2023,Jan,2023,Food & Drink,1570,Career three according worker democrat.,card,Expense
18-01-2023,Jan,2023,Entertainment,995,Sign wall.,card,Expense
19-01-2023,Jan,2023,Other,1081,Memory number occur behind leave.,card,Income
19-01-2023,Jan,2023,Food & Drink,1974,Enter threat economic.,card,Expense
19-01-2023,Jan,2023,Utilities,780,Begin hundred truth.,card,Expense
19-01-2023,Jan,2023,Shopping,737,Society common stay ready.,card,Expense
19-01-2023,Jan,2023,Salary,1909,Organization feel.,card,Expense
20-01-2023,Jan,2023,Food & Drink,1179,Bad argue side girl.,card,Expense
21-01-2023,Jan,2023,Investment,826,Us building side section.,card,Income
21-01-2023,Jan,2023,Shopping,1018,Him fight american music change.,card,Expense
22-01-2023,Jan,2023,Shopping,853,Check purpose young.,card,Expense
23-01-2023,Jan,2023,Utilities,562,Offer bed it skill challenge.,card,Expense
23-01-2023,Jan,2023,Entertainment,1949,Live seat.,card,Expense
23-01-2023,Jan,2023,Other,3700,Energy huge its recently.,card,Income
24-01-2023,Jan,2023,Rent,627,Nice maintain present cultural.,card,Expense
24-01-2023,Jan,2023,Entertainment,125,Drug entire involve.,card,Expense
24-01-2023,Jan,2023,Other,1450,Both including.,card,Income
24-01-2023,Jan,2023,Food & Drink,625,Couple general pretty show.,card,Expense
24-01-2023,Jan,2023,Utilities,248,Pattern wrong kind certainly.,card,Expense
24-01-2023,Jan,2023,Food & Drink,336,Current health serious.,card,Expense
25-01-2023,Jan,2023,Travel,342,Science drug.,card,Expense
26-01-2023,Jan,2023,Other,1467,Add really born.,card,Income
27-01-2023,Jan,2023,Food & Drink,677,Age decade mrs data.,card,Expense
27-01-2023,Jan,2023,Rent,533,Nature performance yeah.,card,Expense
28-01-2023,Jan,2023,Rent,997,On professional analysis color.,card,Expense
29-01-2023,Jan,2023,Food & Drink,1004,Smile peace apply.,card,Expense
29-01-2023,Jan,2023,Health & Fitness,323,Home even.,card,Expense
30-01-2023,Jan,2023,Rent,465,Affect test.,card,Expense
31-01-2023,Jan,2023,Food & Drink,1719,Woman meet report.,card,Expense
31-01-2023,Jan,2023,Investment,4364,Term mother cost may.,card,Income
01-02-2023,Feb,2023,Utilities,366,Unit again easy morning four.,card,Expense
02-02-2023,Feb,2023,Food & Drink,1110,Adult range green.,card,Expense
03-02-2023,Feb,2023,Shopping,457,You without every.,card,Expense
06-02-2023,Feb,2023,Health & Fitness,550,Election hit yourself wrong want.,card,Expense
07-02-2023,Feb,2023,Other,1478,Charge today prevent.,card,Income
07-02-2023,Feb,2023,Food & Drink,367,Minute question their rather.,card,Expense
08-02-2023,Feb,2023,Food & Drink,1909,Of interview fine.,card,Expense
08-02-2023,Feb,2023,Other,2812,My deal catch must.,card,Income
09-02-2023,Feb,2023,Travel,661,Finally relate model.,card,Expense
12-02-2023,Feb,2023,Food & Drink,744,Yet wish certain usually.,card,Expense
13-02-2023,Feb,2023,Travel,1482,Attack mouth rest contain.,card,Expense
15-02-2023,Feb,2023,Health & Fitness,1187,She they.,card,Expense
16-02-2023,Feb,2023,Entertainment,1468,Field seat start pm.,card,Expense
18-02-2023,Feb,2023,Entertainment,310,Single blood continue.,UPI,Expense
20-02-2023,Feb,2023,Food & Drink,474,Note discuss discussion reach grow.,UPI,Expense
20-02-2023,Feb,2023,Food & Drink,1902,Maybe painting republican.,UPI,Expense
22-02-2023,Feb,2023,Other,3019,System man case.,UPI,Income
22-02-2023,Feb,2023,Investment,3939,Allow share address.,UPI,Income
24-02-2023,Feb,2023,Food & Drink,1945,Development provide dark daughter.,UPI,Expense
26-02-2023,Feb,2023,Other,1262,Term majority foot leader.,UPI,Income
26-02-2023,Feb,2023,Investment,4757,If among save herself.,UPI,Income
26-02-2023,Feb,2023,Health & Fitness,922,Particularly score order modern.,UPI,Expense
28-02-2023,Feb,2023,Rent,1016,Body lead there there early.,UPI,Expense
03-03-2023,Mar,2023,Shopping,159,Worker always hold share.,UPI,Expense
03-03-2023,Mar,2023,Shopping,1328,Fact huge fight.,UPI,Expense
05-03-2023,Mar,2023,Other,2638,Coach family try ready.,UPI,Income
05-03-2023,Mar,2023,Shopping,1404,Stop later reveal both.,UPI,Expense
05-03-2023,Mar,2023,Health & Fitness,911,Career including late condition opportunity.,UPI,Expense
07-03-2023,Mar,2023,Entertainment,281,Bed food possible represent.,UPI,Expense
08-03-2023,Mar,2023,Rent,319,Before relationship plant.,UPI,Expense
08-03-2023,Mar,2023,Other,3072,Religious risk window partner civil.,UPI,Income
08-03-2023,Mar,2023,Health & Fitness,1930,Analysis color friend the.,UPI,Expense
08-03-2023,Mar,2023,Travel,932,Than condition republican.,UPI,Expense
10-03-2023,Mar,2023,Rent,324,Finally shoulder land.,UPI,Expense
10-03-2023,Mar,2023,Food & Drink,438,Together whether about.,UPI,Expense
12-03-2023,Mar,2023,Utilities,192,Learn talk.,UPI,Expense
13-03-2023,Mar,2023,Health & Fitness,799,Part management.,UPI,Expense
13-03-2023,Mar,2023,Other,2631,Process law kind over according.,UPI,Income
13-03-2023,Mar,2023,Utilities,72,People newspaper stay.,UPI,Expense
15-03-2023,Mar,2023,Salary,1116,Challenge president already.,UPI,Expense
15-03-2023,Mar,2023,Rent,929,Study fear turn any indicate.,UPI,Expense
16-03-2023,Mar,2023,Utilities,252,Public particularly reality.,UPI,Expense
16-03-2023,Mar,2023,Investment,1570,Concern lay often use behavior.,UPI,Income
18-03-2023,Mar,2023,Other,3549,Happy her attack interview.,UPI,Income
18-03-2023,Mar,2023,Rent,1169,Fall care.,UPI,Expense
21-03-2023,Mar,2023,Rent,53,Money modern receive partner.,UPI,Expense
22-03-2023,Mar,2023,Other,1555,Role pick would low read.,UPI,Income
23-03-2023,Mar,2023,Other,1503,Participant first moment yet.,UPI,Income
23-03-2023,Mar,2023,Other,914,Pass market role.,UPI,Income
23-03-2023,Mar,2023,Other,3735,Space this discussion fact.,UPI,Income
24-03-2023,Mar,2023,Shopping,1370,Brother let.,UPI,Expense
27-03-2023,Mar,2023,Investment,2033,Son yourself increase.,UPI,Income
29-03-2023,Mar,2023,Salary,1768,Night point action cut.,UPI,Expense
30-03-2023,Mar,2023,Investment,2917,So film media.,UPI,Income
31-03-2023,Mar,2023,Salary,131,Box four.,UPI,Expense
31-03-2023,Mar,2023,Utilities,844,Pattern ahead compare form full.,UPI,Expense
01-04-2023,Apr,2023,Entertainment,1265,Something population loss physical.,UPI,Expense
01-04-2023,Apr,2023,Food & Drink,1979,Leg sport until argue.,UPI,Expense
04-04-2023,Apr,2023,Health & Fitness,965,North question new.,UPI,Expense
07-04-2023,Apr,2023,Health & Fitness,1826,Officer forward trouble.,UPI,Expense
08-04-2023,Apr,2023,Shopping,548,Wide exactly.,UPI,Expense
09-04-2023,Apr,2023,Investment,740,Worker phone success number.,net banking,Income
10-04-2023,Apr,2023,Travel,127,Organization ten seem.,net banking,Expense
10-04-2023,Apr,2023,Health & Fitness,1536,Even beautiful.,net banking,Expense
13-04-2023,Apr,2023,Utilities,209,Later week democratic few.,net banking,Expense
15-04-2023,Apr,2023,Travel,1072,Size sing tree kitchen.,net banking,Expense
16-04-2023,Apr,2023,Food & Drink,1530,Toward child future low.,net banking,Expense
20-04-2023,Apr,2023,Shopping,716,Simply century the.,net banking,Expense
20-04-2023,Apr,2023,Utilities,360,Day already hold.,net banking,Expense
21-04-2023,Apr,2023,Health & Fitness,1829,About usually.,net banking,Expense
22-04-2023,Apr,2023,Other,1664,Level animal minute probably.,net banking,Income
22-04-2023,Apr,2023,Entertainment,1675,Officer fine.,net banking,Expense
23-04-2023,Apr,2023,Salary,1089,Customer expert mother significant.,net banking,Expense
24-04-2023,Apr,2023,Investment,1239,Chance event address.,net banking,Income
25-04-2023,Apr,2023,Investment,663,Bill my near even wall.,net banking,Income
02-05-2023,May,2023,Food & Drink,670,Each author party full kitchen.,net banking,Expense
02-05-2023,May,2023,Utilities,688,Likely push.,net banking,Expense
03-05-2023,May,2023,Other,987,Approach interview condition other.,net banking,Income
05-05-2023,May,2023,Investment,1408,Green forward cup serve speak.,net banking,Income
05-05-2023,May,2023,Health & Fitness,1922,Nothing behavior sort recognize.,net banking,Expense
05-05-2023,May,2023,Shopping,1176,Financial popular short like.,net banking,Expense
07-05-2023,May,2023,Health & Fitness,282,Technology pay tree.,net banking,Expense
12-05-2023,May,2023,Other,4491,Record professor small.,net banking,Income
14-05-2023,May,2023,Utilities,1417,Maintain assume both long.,net banking,Expense
14-05-2023,May,2023,Health & Fitness,454,Should page camera.,net banking,Expense
14-05-2023,May,2023,Utilities,763,Stage someone for power.,net banking,Expense
15-05-2023,May,2023,Travel,263,Leave opportunity draw during city.,net banking,Expense
15-05-2023,May,2023,Shopping,1703,At decade really issue.,net banking,Expense
16-05-2023,May,2023,Food & Drink,372,Skin name door production back.,net banking,Expense
17-05-2023,May,2023,Entertainment,1283,Boy other foot best.,net banking,Expense
18-05-2023,May,2023,Other,1652,Final image our.,UPI,Income
19-05-2023,May,2023,Rent,484,Management produce bed stage.,UPI,Expense
20-05-2023,May,2023,Utilities,1276,Serious produce.,UPI,Expense
20-05-2023,May,2023,Health & Fitness,899,Factor past language day theory.,UPI,Expense
20-05-2023,May,2023,Entertainment,1389,Some quickly truth view response.,UPI,Expense
22-05-2023,May,2023,Rent,1444,Old particularly.,UPI,Expense
22-05-2023,May,2023,Other,3937,Summer system artist too.,UPI,Income
22-05-2023,May,2023,Shopping,991,Reflect star.,UPI,Expense
25-05-2023,May,2023,Shopping,212,Technology tend.,UPI,Expense
28-05-2023,May,2023,Entertainment,334,Reduce hour fish him.,UPI,Expense
29-05-2023,May,2023,Investment,2915,Nation production little could.,UPI,Income
29-05-2023,May,2023,Other,1357,Style child young prove.,UPI,Income
30-05-2023,May,2023,Investment,3575,Author administration.,UPI,Income
02-06-2023,Jun,2023,Investment,4981,Window career case south.,UPI,Income
03-06-2023,Jun,2023,Rent,683,Us perhaps lawyer interest star.,UPI,Expense
04-06-2023,Jun,2023,Salary,1412,Difficult interesting account marriage.,UPI,Expense
05-06-2023,Jun,2023,Utilities,1219,Especially unit office almost.,UPI,Expense
08-06-2023,Jun,2023,Food & Drink,212,Low happy oil which bag.,UPI,Expense
08-06-2023,Jun,2023,Entertainment,824,Let back three.,UPI,Expense
09-06-2023,Jun,2023,Travel,1325,Line score whether.,UPI,Expense
09-06-2023,Jun,2023,Rent,109,Something fine apply gas sing.,UPI,Expense
10-06-2023,Jun,2023,Salary,316,Mention light safe inside.,UPI,Expense
10-06-2023,Jun,2023,Shopping,184,Cold reason our.,UPI,Expense
13-06-2023,Jun,2023,Salary,407,Employee picture official of prevent.,UPI,Expense
15-06-2023,Jun,2023,Investment,2890,Agree machine camera baby six.,UPI,Income
16-06-2023,Jun,2023,Salary,1689,Past every either.,cash,Expense
16-06-2023,Jun,2023,Shopping,947,Company option character land space.,cash,Expense
17-06-2023,Jun,2023,Travel,191,Machine son television.,cash,Expense
17-06-2023,Jun,2023,Utilities,748,Whose other.,cash,Expense
19-06-2023,Jun,2023,Utilities,897,Sell include himself produce.,cash,Expense
21-06-2023,Jun,2023,Salary,534,Official success approach.,cash,Expense
22-06-2023,Jun,2023,Food & Drink,311,Apply less.,cash,Expense
22-06-2023,Jun,2023,Rent,181,Live way two.,cash,Expense
23-06-2023,Jun,2023,Shopping,1942,Raise hope enjoy most.,cash,Expense
25-06-2023,Jun,2023,Food & Drink,1683,Eye something.,cash,Expense
25-06-2023,Jun,2023,Shopping,1932,Which raise american truth.,cash,Expense
25-06-2023,Jun,2023,Salary,1150,Particular present evening establish.,cash,Expense
26-06-2023,Jun,2023,Travel,167,Pressure hospital significant.,UPI,Expense
30-06-2023,Jun,2023,Food & Drink,1009,Side mind question year finish.,UPI,Expense
01-07-2023,Jul,2023,Utilities,249,Story activity.,UPI,Expense
02-07-2023,Jul,2023,Utilities,1899,Billion land detail exist cover.,UPI,Expense
05-07-2023,Jul,2023,Investment,2078,Begin voice prevent structure wear.,UPI,Income
05-07-2023,Jul,2023,Other,1141,Beat painting heavy.,UPI,Income
06-07-2023,Jul,2023,Shopping,412,To receive education.,UPI,Expense
07-07-2023,Jul,2023,Utilities,1670,Police two.,UPI,Expense
07-07-2023,Jul,2023,Rent,183,Realize property show either.,UPI,Expense
10-07-2023,Jul,2023,Health & Fitness,1715,Since him four.,UPI,Expense
10-07-2023,Jul,2023,Food & Drink,1575,Western enough key.,UPI,Expense
10-07-2023,Jul,2023,Shopping,234,Particular condition man.,UPI,Expense
10-07-2023,Jul,2023,Investment,1365,Shoulder despite poor tree resource.,UPI,Income
11-07-2023,Jul,2023,Rent,1574,Authority number.,UPI,Expense
13-07-2023,Jul,2023,Health & Fitness,1757,Affect marriage present a.,UPI,Expense
15-07-2023,Jul,2023,Salary,1148,Entire record toward off.,UPI,Expense
15-07-2023,Jul,2023,Utilities,558,Long identify road speech.,UPI,Expense
15-07-2023,Jul,2023,Other,817,Difficult his ready sister building.,UPI,Income
15-07-2023,Jul,2023,Health & Fitness,1384,Four field area young.,UPI,Expense
15-07-2023,Jul,2023,Other,2700,Movement which ball least.,UPI,Income
16-07-2023,Jul,2023,Food & Drink,682,Computer always his.,UPI,Expense
17-07-2023,Jul,2023,Travel,568,Receive to piece.,UPI,Expense
18-07-2023,Jul,2023,Rent,1945,Be plan same cause.,UPI,Expense
19-07-2023,Jul,2023,Travel,1949,Rest or.,UPI,Expense
19-07-2023,Jul,2023,Health & Fitness,546,As music film move.,UPI,Expense
20-07-2023,Jul,2023,Rent,384,Already argue.,UPI,Expense
21-07-2023,Jul,2023,Shopping,1484,Brother southern project learn.,UPI,Expense
23-07-2023,Jul,2023,Health & Fitness,1644,Scientist do author.,UPI,Expense
25-07-2023,Jul,2023,Utilities,141,President likely truth animal.,UPI,Expense
26-07-2023,Jul,2023,Shopping,280,Common anyone.,UPI,Expense
27-07-2023,Jul,2023,Food & Drink,356,Lay color.,UPI,Expense
27-07-2023,Jul,2023,Entertainment,1676,Box organization.,UPI,Expense
30-07-2023,Jul,2023,Salary,111,Source international.,UPI,Expense
01-08-2023,Aug,2023,Entertainment,555,Building range national focus.,UPI,Expense
04-08-2023,Aug,2023,Shopping,1274,Or friend.,UPI,Expense
05-08-2023,Aug,2023,Investment,2481,Center indeed recent.,UPI,Income
07-08-2023,Aug,2023,Salary,363,Just understand american.,UPI,Expense
07-08-2023,Aug,2023,Health & Fitness,695,Partner sing administration main according.,UPI,Expense
09-08-2023,Aug,2023,Travel,1500,Religious order.,UPI,Expense
09-08-2023,Aug,2023,Travel,65,Really society live camera.,card,Expense
10-08-2023,Aug,2023,Investment,2313,Mission include visit.,card,Income
10-08-2023,Aug,2023,Entertainment,545,Conference matter wear physical site.,card,Expense
11-08-2023,Aug,2023,Food & Drink,1731,Above dog brother morning.,card,Expense
16-08-2023,Aug,2023,Food & Drink,953,Gun seven music despite show.,card,Expense
17-08-2023,Aug,2023,Investment,569,Apply both chance.,card,Income
17-08-2023,Aug,2023,Travel,1428,Computer prove amount population.,card,Expense
21-08-2023,Aug,2023,Travel,853,Itself free source.,card,Expense
22-08-2023,Aug,2023,Health & Fitness,923,Bit appear.,card,Expense
23-08-2023,Aug,2023,Travel,1358,Citizen ahead method.,card,Expense
25-08-2023,Aug,2023,Shopping,1173,Return or for.,card,Expense
27-08-2023,Aug,2023,Other,2815,Discover body direction down.,card,Income
30-08-2023,Aug,2023,Rent,969,Heart determine likely.,card,Expense
30-08-2023,Aug,2023,Travel,1285,Three certain.,card,Expense
30-08-2023,Aug,2023,Travel,1316,Hold carry rest.,card,Expense
30-08-2023,Aug,2023,Travel,385,Dark camera realize.,card,Expense
01-09-2023,Sep,2023,Entertainment,1800,Carry surface learn.,card,Expense
01-09-2023,Sep,2023,Shopping,1324,Detail far church some.,card,Expense
03-09-2023,Sep,2023,Food & Drink,1314,Wife talk beat tax majority.,card,Expense
04-09-2023,Sep,2023,Travel,1815,List leg address into their.,card,Expense
04-09-2023,Sep,2023,Food & Drink,1170,Its develop until watch.,card,Expense
04-09-2023,Sep,2023,Entertainment,693,Individual analysis.,card,Expense
07-09-2023,Sep,2023,Salary,1814,Almost most look something.,card,Expense
10-09-2023,Sep,2023,Travel,1692,Manager bar send really.,card,Expense
11-09-2023,Sep,2023,Utilities,595,Car fast positive.,card,Expense
11-09-2023,Sep,2023,Travel,1453,Look fight.,card,Expense
12-09-2023,Sep,2023,Utilities,1894,Section agency lawyer sign them.,card,Expense
12-09-2023,Sep,2023,Rent,452,Smile have less.,card,Expense
13-09-2023,Sep,2023,Travel,847,Audience throw four allow international.,card,Expense
14-09-2023,Sep,2023,Health & Fitness,529,My some skin ball thing.,card,Expense
14-09-2023,Sep,2023,Rent,946,War push thousand book half.,card,Expense
14-09-2023,Sep,2023,Rent,950,Hand possible relate night.,card,Expense
15-09-2023,Sep,2023,Investment,3626,Wonder draw box.,card,Income
15-09-2023,Sep,2023,Shopping,118,That reflect send set fly.,card,Expense
16-09-2023,Sep,2023,Utilities,1985,Quite everyone as generation.,card,Expense
16-09-2023,Sep,2023,Salary,295,Money but report question.,card,Expense
21-09-2023,Sep,2023,Utilities,1560,Later happy pull.,card,Expense
21-09-2023,Sep,2023,Utilities,634,Throughout leader bag.,card,Expense
23-09-2023,Sep,2023,Other,2740,When baby clearly.,card,Income
24-09-2023,Sep,2023,Utilities,1157,Many themselves minute.,card,Expense
28-09-2023,Sep,2023,Investment,1560,Indicate radio use.,card,Income
29-09-2023,Sep,2023,Shopping,813,Information scene again country.,card,Expense
03-10-2023,Oct,2023,Shopping,19,Strong mind from.,card,Expense
04-10-2023,Oct,2023,Health & Fitness,1901,Pretty skin main program.,card,Expense
04-10-2023,Oct,2023,Entertainment,46,Knowledge fight car smile commercial.,card,Expense
05-10-2023,Oct,2023,Investment,2353,Machine wife show.,card,Income
06-10-2023,Oct,2023,Health & Fitness,631,Good lay coach.,card,Expense
08-10-2023,Oct,2023,Other,1868,Expect win stuff realize project.,card,Income
08-10-2023,Oct,2023,Investment,2942,Draw american first.,card,Income
08-10-2023,Oct,2023,Salary,1458,Employee continue none alone.,card,Expense
09-10-2023,Oct,2023,Health & Fitness,873,Challenge large wish move.,card,Expense
09-10-2023,Oct,2023,Utilities,692,Identify material.,card,Expense
11-10-2023,Oct,2023,Health & Fitness,1503,Until choose wife national.,card,Expense
13-10-2023,Oct,2023,Other,656,Positive far time wide.,card,Income
14-10-2023,Oct,2023,Utilities,430,Son rock two.,card,Expense
14-10-2023,Oct,2023,Investment,1508,Rule too.,card,Income
15-10-2023,Oct,2023,Food & Drink,757,Bring agent pay detail group.,card,Expense
15-10-2023,Oct,2023,Food & Drink,1192,Part crime.,card,Expense
16-10-2023,Oct,2023,Investment,661,Sit short cultural.,card,Income
17-10-2023,Oct,2023,Investment,3914,Support quality whatever wish hour.,card,Income
17-10-2023,Oct,2023,Rent,1099,Owner memory argue project.,card,Expense
27-10-2023,Oct,2023,Utilities,419,Respond into history.,card,Expense
27-10-2023,Oct,2023,Food & Drink,609,General final knowledge.,card,Expense
29-10-2023,Oct,2023,Travel,1249,Democratic thousand.,card,Expense
30-10-2023,Oct,2023,Shopping,1663,Eye south wife interest.,card,Expense
30-10-2023,Oct,2023,Investment,2815,Structure our century.,card,Income
04-11-2023,Nov,2023,Investment,4577,Write moment friend value.,card,Income
05-11-2023,Nov,2023,Investment,2654,According police.,net banking,Income
08-11-2023,Nov,2023,Entertainment,722,Company left nothing trip.,net banking,Expense
08-11-2023,Nov,2023,Utilities,88,Strategy face make.,net banking,Expense
08-11-2023,Nov,2023,Entertainment,1380,Fight nice less agree able.,net banking,Expense
09-11-2023,Nov,2023,Entertainment,15,What strong line.,net banking,Expense
09-11-2023,Nov,2023,Rent,1672,Conference trade population agreement.,card,Expense
11-11-2023,Nov,2023,Utilities,1899,Yes at seat ok.,card,Expense
11-11-2023,Nov,2023,Rent,1450,Than physical live reason.,card,Expense
13-11-2023,Nov,2023,Other,2393,Mention offer suddenly clear.,card,Income
14-11-2023,Nov,2023,Travel,536,Floor there career.,card,Expense
14-11-2023,Nov,2023,Investment,823,Evening information.,card,Income
15-11-2023,Nov,2023,Health & Fitness,1605,Face morning.,card,Expense
17-11-2023,Nov,2023,Rent,199,Create physical share out cold.,card,Expense
18-11-2023,Nov,2023,Food & Drink,29,Step rate feeling rate.,card,Expense
21-11-2023,Nov,2023,Investment,3192,Move goal.,card,Income
21-11-2023,Nov,2023,Salary,1911,Carry example.,card,Expense
22-11-2023,Nov,2023,Rent,752,Future treat bill choice.,card,Expense
23-11-2023,Nov,2023,Rent,808,Somebody next ready.,card,Expense
23-11-2023,Nov,2023,Travel,1673,Republican reduce sort individual trouble.,card,Expense
26-11-2023,Nov,2023,Salary,1602,Type look find.,card,Expense
26-11-2023,Nov,2023,Utilities,235,Stage threat our.,card,Expense
26-11-2023,Nov,2023,Food & Drink,1963,Report agreement sport.,card,Expense
26-11-2023,Nov,2023,Rent,838,Task central dinner.,card,Expense
27-11-2023,Nov,2023,Salary,371,Candidate bad real.,card,Expense
27-11-2023,Nov,2023,Health & Fitness,1227,Affect machine.,card,Expense
28-11-2023,Nov,2023,Utilities,971,Cultural allow.,card,Expense
28-11-2023,Nov,2023,Shopping,887,Arrive budget education at property.,card,Expense
29-11-2023,Nov,2023,Other,601,Turn day top.,card,Income
05-12-2023,Dec,2023,Entertainment,1956,Ahead certainly second everyone.,card,Expense
05-12-2023,Dec,2023,Health & Fitness,1043,Goal talk sit party.,card,Expense
06-12-2023,Dec,2023,Rent,871,Attention standard shake more respond.,card,Expense
08-12-2023,Dec,2023,Salary,698,Top mr wind.,card,Expense
09-12-2023,Dec,2023,Shopping,306,Turn surface listen.,card,Expense
09-12-2023,Dec,2023,Food & Drink,33,Pull blue strong wonder.,card,Expense
10-12-2023,Dec,2023,Salary,1705,Method imagine seven.,card,Expense
11-12-2023,Dec,2023,Rent,1505,Letter mind many.,card,Expense
13-12-2023,Dec,2023,Health & Fitness,1941,News american foreign.,card,Expense
14-12-2023,Dec,2023,Investment,3601,Exist outside find wish.,card,Income
14-12-2023,Dec,2023,Entertainment,167,Network fact talk.,card,Expense
18-12-2023,Dec,2023,Salary,185,Thus sort.,card,Expense
20-12-2023,Dec,2023,Health & Fitness,246,Actually purpose public.,card,Expense
21-12-2023,Dec,2023,Food & Drink,214,Mission put budget house.,card,Expense
22-12-2023,Dec,2023,Food & Drink,1654,Ask window full.,card,Expense
23-12-2023,Dec,2023,Travel,1781,Do interesting material.,card,Expense
25-12-2023,Dec,2023,Salary,1901,Event smile popular hundred live.,card,Expense
26-12-2023,Dec,2023,Food & Drink,1635,Memory challenge lawyer business.,card,Expense
27-12-2023,Dec,2023,Health & Fitness,1125,Discuss wall ahead scene.,card,Expense
29-12-2023,Dec,2023,Salary,1436,Question will him quickly.,card,Expense
29-12-2023,Dec,2023,Salary,237,Perform benefit baby.,card,Expense
29-12-2023,Dec,2023,Entertainment,14,Society dark product make.,card,Expense
02-01-2024,Jan,2024,Travel,1100,Gas teacher national weight all.,card,Expense
02-01-2024,Jan,2024,Rent,101,Himself fire heavy.,card,Expense
04-01-2024,Jan,2024,Investment,3852,Allow news.,card,Income
04-01-2024,Jan,2024,Investment,2036,Man care resource.,card,Income
07-01-2024,Jan,2024,Other,2266,Notice make.,card,Income
09-01-2024,Jan,2024,Entertainment,1436,Occur live take media hot.,card,Expense
09-01-2024,Jan,2024,Other,880,Wife pay good within fly.,card,Income
10-01-2024,Jan,2024,Rent,1547,And student give score agree.,card,Expense
11-01-2024,Jan,2024,Utilities,1928,Best generation group goal.,card,Expense
11-01-2024,Jan,2024,Investment,4045,Doctor fine be.,card,Income
11-01-2024,Jan,2024,Salary,1850,Boy college mrs.,card,Expense
12-01-2024,Jan,2024,Utilities,1387,Price institution method inside.,card,Expense
13-01-2024,Jan,2024,Investment,1348,Onto worry help hope.,card,Income
14-01-2024,Jan,2024,Health & Fitness,1013,Space beyond.,card,Expense
15-01-2024,Jan,2024,Entertainment,554,Market specific property coach.,card,Expense
16-01-2024,Jan,2024,Travel,911,Wide cut player wind.,card,Expense
16-01-2024,Jan,2024,Other,4696,Degree enter father of source.,card,Income
16-01-2024,Jan,2024,Health & Fitness,1427,Behind front attack song little.,card,Expense
17-01-2024,Jan,2024,Entertainment,410,Somebody prepare few sound.,card,Expense
19-01-2024,Jan,2024,Travel,1376,Finish increase economy middle public.,card,Expense
19-01-2024,Jan,2024,Utilities,1963,Thing physical might.,card,Expense
19-01-2024,Jan,2024,Utilities,1013,Material produce station visit environmental.,card,Expense
19-01-2024,Jan,2024,Health & Fitness,1424,Table trade various risk art.,card,Expense
20-01-2024,Jan,2024,Salary,1170,Leg drive second she.,net banking,Expense
22-01-2024,Jan,2024,Shopping,1352,Five store ask data.,net banking,Expense
23-01-2024,Jan,2024,Travel,1756,Statement position either.,net banking,Expense
24-01-2024,Jan,2024,Food & Drink,1050,Draw change agree someone.,net banking,Expense
25-01-2024,Jan,2024,Investment,934,Magazine yard instead town.,net banking,Income
26-01-2024,Jan,2024,Entertainment,541,Evening ahead smile.,net banking,Expense
26-01-2024,Jan,2024,Travel,1370,Compare system white magazine after.,net banking,Expense
26-01-2024,Jan,2024,Investment,2917,Own test too imagine.,net banking,Income
27-01-2024,Jan,2024,Food & Drink,724,However style.,net banking,Expense
28-01-2024,Jan,2024,Entertainment,1487,Born same usually.,net banking,Expense
30-01-2024,Jan,2024,Entertainment,1027,Wear use edge this draw.,net banking,Expense
01-02-2024,Feb,2024,Travel,1389,Forget once hope security.,net banking,Expense
06-02-2024,Feb,2024,Other,3674,Design blood degree ever.,net banking,Income
07-02-2024,Feb,2024,Health & Fitness,1932,Television argue mouth.,net banking,Expense
07-02-2024,Feb,2024,Other,2163,Nation little east everyone.,net banking,Income
10-02-2024,Feb,2024,Salary,1662,Little happy final population.,net banking,Expense
10-02-2024,Feb,2024,Health & Fitness,1513,Real small.,net banking,Expense
10-02-2024,Feb,2024,Entertainment,1555,Need finally when.,net banking,Expense
14-02-2024,Feb,2024,Travel,903,Movement door kind.,net banking,Expense
14-02-2024,Feb,2024,Rent,382,Until truth feeling view.,net banking,Expense
15-02-2024,Feb,2024,Investment,3590,Decision three trouble.,net banking,Income
16-02-2024,Feb,2024,Other,2664,Smile ever bag single.,net banking,Income
17-02-2024,Feb,2024,Other,546,Say unit four institution.,net banking,Income
19-02-2024,Feb,2024,Utilities,89,Recognize media goal.,net banking,Expense
21-02-2024,Feb,2024,Food & Drink,1550,Law agree appear political.,net banking,Expense
21-02-2024,Feb,2024,Travel,986,Able customer figure.,net banking,Expense
21-02-2024,Feb,2024,Health & Fitness,155,Book economic.,net banking,Expense
22-02-2024,Feb,2024,Entertainment,1914,Rate society floor long same.,net banking,Expense
23-02-2024,Feb,2024,Utilities,838,Reach step son.,net banking,Expense
23-02-2024,Feb,2024,Rent,705,Increase consider.,net banking,Expense
24-02-2024,Feb,2024,Health & Fitness,669,Difference way type positive phone.,net banking,Expense
24-02-2024,Feb,2024,Salary,1993,Cup red collection husband.,net banking,Expense
25-02-2024,Feb,2024,Food & Drink,238,Employee become happy water bring.,net banking,Expense
27-02-2024,Feb,2024,Entertainment,1810,Significant up still management.,net banking,Expense
27-02-2024,Feb,2024,Entertainment,1918,Course technology site.,net banking,Expense
27-02-2024,Feb,2024,Health & Fitness,769,High issue deal democratic.,net banking,Expense
28-02-2024,Feb,2024,Rent,778,Industry impact certainly.,net banking,Expense
29-02-2024,Feb,2024,Travel,59,Dog late eat.,net banking,Expense
02-03-2024,Mar,2024,Health & Fitness,1033,Beat light the window.,net banking,Expense
03-03-2024,Mar,2024,Salary,97,Require remain save.,net banking,Expense
05-03-2024,Mar,2024,Entertainment,647,Believe arrive.,net banking,Expense
05-03-2024,Mar,2024,Investment,1871,Likely great paper.,cash,Income
06-03-2024,Mar,2024,Food & Drink,1258,Effect people.,cash,Expense
06-03-2024,Mar,2024,Entertainment,1731,Provide car throughout american.,cash,Expense
06-03-2024,Mar,2024,Rent,419,College manage fund.,cash,Expense
07-03-2024,Mar,2024,Shopping,1297,Bed report item.,cash,Expense
07-03-2024,Mar,2024,Utilities,57,Finish without.,cash,Expense
08-03-2024,Mar,2024,Food & Drink,184,Security unit executive.,cash,Expense
11-03-2024,Mar,2024,Other,1077,Stop unit might job close.,cash,Income
13-03-2024,Mar,2024,Entertainment,1823,New type pm.,cash,Expense
15-03-2024,Mar,2024,Salary,1264,Country approach.,cash,Expense
16-03-2024,Mar,2024,Food & Drink,785,Like clear.,cash,Expense
18-03-2024,Mar,2024,Investment,1018,Break time manager kid.,cash,Income
26-03-2024,Mar,2024,Food & Drink,1405,Leader both rest challenge.,cash,Expense
27-03-2024,Mar,2024,Investment,2874,Data exist.,cash,Income
28-03-2024,Mar,2024,Travel,1217,State none production defense your.,cash,Expense
29-03-2024,Mar,2024,Salary,769,Short congress turn east marriage.,cash,Expense
30-03-2024,Mar,2024,Food & Drink,953,Ago race quite hour.,cash,Expense
30-03-2024,Mar,2024,Utilities,1496,Child ball store process.,cash,Expense
03-04-2024,Apr,2024,Travel,1921,Western order accept wide prevent.,cash,Expense
04-04-2024,Apr,2024,Other,591,Water yourself trade someone.,cash,Income
06-04-2024,Apr,2024,Utilities,255,Tell soon executive.,cash,Expense
07-04-2024,Apr,2024,Other,4900,Natural own.,cash,Income
08-04-2024,Apr,2024,Rent,616,Effort drive side human.,cash,Expense
09-04-2024,Apr,2024,Health & Fitness,431,Clear single expect.,cash,Expense
09-04-2024,Apr,2024,Utilities,330,Fear song save.,cash,Expense
10-04-2024,Apr,2024,Travel,397,Capital program story mention majority.,cash,Expense
10-04-2024,Apr,2024,Investment,4996,Environmental outside bed institution.,UPI,Income
11-04-2024,Apr,2024,Rent,588,Control piece behavior message wind.,UPI,Expense
13-04-2024,Apr,2024,Investment,2117,Us money positive.,UPI,Income
16-04-2024,Apr,2024,Salary,1904,Life bad soon.,UPI,Expense
17-04-2024,Apr,2024,Entertainment,209,Worker range feel.,UPI,Expense
17-04-2024,Apr,2024,Entertainment,642,Into notice necessary true message.,UPI,Expense
17-04-2024,Apr,2024,Travel,1390,Including let result spend.,UPI,Expense
18-04-2024,Apr,2024,Other,3091,One shoulder administration.,UPI,Income
20-04-2024,Apr,2024,Utilities,20,Skill successful and.,UPI,Expense
21-04-2024,Apr,2024,Entertainment,1427,Finish right serious.,UPI,Expense
22-04-2024,Apr,2024,Travel,1682,Space game truth special decision.,UPI,Expense
23-04-2024,Apr,2024,Other,4431,Else pull its adult house.,UPI,Income
25-04-2024,Apr,2024,Health & Fitness,1552,Pretty least if.,UPI,Expense
26-04-2024,Apr,2024,Rent,360,Peace wind guess.,UPI,Expense
26-04-2024,Apr,2024,Travel,1719,Because career course.,UPI,Expense
30-04-2024,Apr,2024,Investment,2656,Teacher decide possible.,UPI,Income
02-05-2024,May,2024,Rent,1458,Success teach mrs beat.,UPI,Expense
03-05-2024,May,2024,Food & Drink,1627,Listen against coach.,UPI,Expense
04-05-2024,May,2024,Entertainment,1814,White likely teacher one.,UPI,Expense
04-05-2024,May,2024,Salary,1311,Notice street anything.,UPI,Expense
05-05-2024,May,2024,Other,2329,Piece require.,UPI,Income
05-05-2024,May,2024,Travel,276,Say other never fact.,UPI,Expense
14-05-2024,May,2024,Rent,800,Main opportunity particularly question.,UPI,Expense
15-05-2024,May,2024,Entertainment,1697,Research month instead.,UPI,Expense
17-05-2024,May,2024,Utilities,1517,As throughout individual list manager.,UPI,Expense
20-05-2024,May,2024,Investment,1967,Recently again explain court.,UPI,Income
22-05-2024,May,2024,Utilities,1474,Discussion detail training fund.,UPI,Expense
23-05-2024,May,2024,Health & Fitness,90,Third rich hospital.,UPI,Expense
25-05-2024,May,2024,Entertainment,135,Somebody son suddenly perform.,UPI,Expense
26-05-2024,May,2024,Food & Drink,1340,Project can.,UPI,Expense
27-05-2024,May,2024,Health & Fitness,782,Paper beyond indeed.,UPI,Expense
27-05-2024,May,2024,Food & Drink,89,Doctor news yourself.,UPI,Expense
31-05-2024,May,2024,Rent,1410,Ground city still.,UPI,Expense
01-06-2024,Jun,2024,Travel,1671,Southern front.,UPI,Expense
02-06-2024,Jun,2024,Utilities,760,Dinner no main year size.,UPI,Expense
02-06-2024,Jun,2024,Rent,1038,Environment character real middle prove.,UPI,Expense
03-06-2024,Jun,2024,Entertainment,1038,Sometimes while sense window.,UPI,Expense
04-06-2024,Jun,2024,Health & Fitness,979,Among black picture that treat.,UPI,Expense
06-06-2024,Jun,2024,Food & Drink,1009,Remain seven marriage.,UPI,Expense
07-06-2024,Jun,2024,Investment,2384,Positive free case.,UPI,Income
09-06-2024,Jun,2024,Other,2232,Wide shoulder according strong.,UPI,Income
10-06-2024,Jun,2024,Investment,3467,Expert commercial entire resource.,UPI,Income
12-06-2024,Jun,2024,Rent,1326,Picture early send morning.,UPI,Expense
13-06-2024,Jun,2024,Health & Fitness,1443,Soon including important.,UPI,Expense
13-06-2024,Jun,2024,Salary,963,Some gun ahead certainly act.,UPI,Expense
14-06-2024,Jun,2024,Shopping,55,Be fire.,UPI,Expense
15-06-2024,Jun,2024,Investment,1603,Article service produce political.,UPI,Income
16-06-2024,Jun,2024,Food & Drink,1783,Within woman.,UPI,Expense
17-06-2024,Jun,2024,Investment,2615,Information though red.,UPI,Income
21-06-2024,Jun,2024,Shopping,1203,Training account evidence month.,UPI,Expense
21-06-2024,Jun,2024,Food & Drink,1758,Land day name small.,UPI,Expense
22-06-2024,Jun,2024,Travel,1895,Thought sit identify culture.,UPI,Expense
23-06-2024,Jun,2024,Salary,1736,Already free.,UPI,Expense
23-06-2024,Jun,2024,Other,1669,Yeah exist behavior necessary miss.,UPI,Income
23-06-2024,Jun,2024,Utilities,1250,Agreement someone.,UPI,Expense
23-06-2024,Jun,2024,Utilities,1451,Strategy fight institution.,UPI,Expense
23-06-2024,Jun,2024,Salary,1197,Rule success.,UPI,Expense
01-07-2024,Jul,2024,Other,3657,Medical buy series walk large.,UPI,Income
05-07-2024,Jul,2024,Investment,2157,Law work.,UPI,Income
06-07-2024,Jul,2024,Shopping,1655,Research visit program suddenly doctor.,UPI,Expense
07-07-2024,Jul,2024,Utilities,957,Project spring of.,UPI,Expense
07-07-2024,Jul,2024,Food & Drink,1757,Mind easy foreign old.,UPI,Expense
07-07-2024,Jul,2024,Rent,195,Better republican stock bank.,UPI,Expense
07-07-2024,Jul,2024,Food & Drink,1795,Thousand live land hard.,UPI,Expense
13-07-2024,Jul,2024,Shopping,1049,Open million house enough.,UPI,Expense
13-07-2024,Jul,2024,Food & Drink,1398,You ready way rule.,UPI,Expense
16-07-2024,Jul,2024,Salary,1581,Certain camera represent.,UPI,Expense
20-07-2024,Jul,2024,Rent,857,Tell brother defense list second.,UPI,Expense
21-07-2024,Jul,2024,Entertainment,1821,Tv budget system book.,UPI,Expense
22-07-2024,Jul,2024,Other,2611,Face mission brother figure hear.,UPI,Income
23-07-2024,Jul,2024,Investment,4780,Agreement central six instead.,UPI,Income
23-07-2024,Jul,2024,Investment,3572,Democratic standard major.,UPI,Income
25-07-2024,Jul,2024,Health & Fitness,824,Give that individual of not.,UPI,Expense
26-07-2024,Jul,2024,Other,2577,Little result paper seven.,UPI,Income
26-07-2024,Jul,2024,Shopping,1134,Seven project chance road.,UPI,Expense
26-07-2024,Jul,2024,Shopping,1512,Professor important do house must.,UPI,Expense
26-07-2024,Jul,2024,Salary,366,Position tend religious.,UPI,Expense
27-07-2024,Jul,2024,Salary,515,Someone religious night buy nice.,UPI,Expense
27-07-2024,Jul,2024,Health & Fitness,1551,My serious whatever miss seek.,UPI,Expense
27-07-2024,Jul,2024,Utilities,1711,Build view.,UPI,Expense
28-07-2024,Jul,2024,Entertainment,899,Ever day.,UPI,Expense
28-07-2024,Jul,2024,Utilities,210,Be move fly open.,UPI,Expense
29-07-2024,Jul,2024,Health & Fitness,1604,Future congress.,UPI,Expense
29-07-2024,Jul,2024,Food & Drink,330,Fish either boy between collection.,UPI,Expense
29-07-2024,Jul,2024,Food & Drink,1611,Eight bed fill.,UPI,Expense
30-07-2024,Jul,2024,Salary,1852,Arrive which consider.,UPI,Expense
30-07-2024,Jul,2024,Rent,534,Hope floor include.,UPI,Expense
01-08-2024,Aug,2024,Food & Drink,1452,Heart still building.,UPI,Expense
02-08-2024,Aug,2024,Shopping,1232,Sell only manage.,UPI,Expense
02-08-2024,Aug,2024,Food & Drink,1892,We especially five network.,UPI,Expense
03-08-2024,Aug,2024,Salary,884,Ahead plant trial affect.,UPI,Expense
03-08-2024,Aug,2024,Travel,398,Push east never size fight.,UPI,Expense
08-08-2024,Aug,2024,Entertainment,1234,Base player data whose.,UPI,Expense
09-08-2024,Aug,2024,Health & Fitness,486,World site mr interest treatment.,UPI,Expense
11-08-2024,Aug,2024,Investment,1211,A let.,UPI,Income
14-08-2024,Aug,2024,Shopping,713,A value lot.,UPI,Expense
14-08-2024,Aug,2024,Entertainment,1040,Yourself successful defense subject.,UPI,Expense
14-08-2024,Aug,2024,Rent,1839,Claim move.,UPI,Expense
15-08-2024,Aug,2024,Health & Fitness,701,Bed recognize store.,UPI,Expense
22-08-2024,Aug,2024,Entertainment,1217,There decision measure.,UPI,Expense
23-08-2024,Aug,2024,Other,538,Play woman remain event.,UPI,Income
25-08-2024,Aug,2024,Shopping,1017,Decision where foreign trial.,UPI,Expense
25-08-2024,Aug,2024,Travel,687,Participant above.,UPI,Expense
25-08-2024,Aug,2024,Other,4906,Including time reflect.,UPI,Income
27-08-2024,Aug,2024,Travel,1391,Ball theory prepare much throughout.,UPI,Expense
27-08-2024,Aug,2024,Salary,1542,Good spend still.,UPI,Expense
28-08-2024,Aug,2024,Salary,1366,Concern should recent across.,UPI,Expense
28-08-2024,Aug,2024,Food & Drink,969,View know develop after.,UPI,Expense
28-08-2024,Aug,2024,Shopping,1271,Course staff personal space.,UPI,Expense
30-08-2024,Aug,2024,Entertainment,1602,Woman whose already.,UPI,Expense
01-09-2024,Sep,2024,Health & Fitness,1038,Decide cultural start how thank.,UPI,Expense
02-09-2024,Sep,2024,Other,2533,Management necessary process not.,UPI,Income
05-09-2024,Sep,2024,Shopping,1351,Assume campaign assume.,UPI,Expense
05-09-2024,Sep,2024,Rent,1114,Talk thing rock ever summer.,UPI,Expense
05-09-2024,Sep,2024,Other,3396,Pass quite third ability interview.,UPI,Income
05-09-2024,Sep,2024,Travel,374,Item yet ever quite.,UPI,Expense
06-09-2024,Sep,2024,Entertainment,1003,Guess service this different.,UPI,Expense
07-09-2024,Sep,2024,Investment,2674,Mother first hot free.,UPI,Income
08-09-2024,Sep,2024,Entertainment,1672,Wrong difficult.,UPI,Expense
10-09-2024,Sep,2024,Health & Fitness,320,True culture.,UPI,Expense
13-09-2024,Sep,2024,Investment,4535,As personal agreement.,UPI,Income
15-09-2024,Sep,2024,Food & Drink,1698,Or phone.,UPI,Expense
16-09-2024,Sep,2024,Health & Fitness,990,East list when.,UPI,Expense
17-09-2024,Sep,2024,Travel,987,Mind door authority outside.,UPI,Expense
17-09-2024,Sep,2024,Travel,802,Personal often.,UPI,Expense
17-09-2024,Sep,2024,Utilities,118,True help.,UPI,Expense
18-09-2024,Sep,2024,Salary,1880,Artist sort area.,UPI,Expense
21-09-2024,Sep,2024,Other,3725,Big argue.,UPI,Income
22-09-2024,Sep,2024,Utilities,920,Sure i pay.,UPI,Expense
23-09-2024,Sep,2024,Other,3085,Ten skin perhaps.,UPI,Income
24-09-2024,Sep,2024,Food & Drink,1351,Less into per big.,UPI,Expense
25-09-2024,Sep,2024,Rent,658,Military onto blue activity.,UPI,Expense
26-09-2024,Sep,2024,Travel,382,Smile cover of pm eight.,UPI,Expense
26-09-2024,Sep,2024,Travel,948,Right know during someone.,UPI,Expense
27-09-2024,Sep,2024,Health & Fitness,376,Find job where.,UPI,Expense
27-09-2024,Sep,2024,Shopping,1404,On must certainly.,UPI,Expense
01-10-2024,Oct,2024,Shopping,566,Owner fact wife.,UPI,Expense
01-10-2024,Oct,2024,Investment,2372,Price certain down standard nice.,UPI,Income
02-10-2024,Oct,2024,Travel,1610,Gas with policy cut.,cash,Expense
02-10-2024,Oct,2024,Shopping,400,Country little reality level.,cash,Expense
03-10-2024,Oct,2024,Utilities,951,Not friend federal forget bit.,cash,Expense
04-10-2024,Oct,2024,Other,4592,Detail about development discover.,cash,Income
04-10-2024,Oct,2024,Other,4486,Lose shoulder spring.,cash,Income
07-10-2024,Oct,2024,Food & Drink,803,Hundred step according.,cash,Expense
08-10-2024,Oct,2024,Food & Drink,439,Group never.,cash,Expense
09-10-2024,Oct,2024,Rent,905,Key place tree.,cash,Expense
10-10-2024,Oct,2024,Health & Fitness,727,Wish current.,cash,Expense
10-10-2024,Oct,2024,Travel,695,Despite energy company.,cash,Expense
11-10-2024,Oct,2024,Health & Fitness,1736,Condition again successful.,cash,Expense
12-10-2024,Oct,2024,Entertainment,1158,Story case.,cash,Expense
15-10-2024,Oct,2024,Utilities,1959,Very figure drive special.,cash,Expense
17-10-2024,Oct,2024,Health & Fitness,1350,With young think there assume.,cash,Expense
17-10-2024,Oct,2024,Salary,1780,Some court her.,cash,Expense
18-10-2024,Oct,2024,Travel,933,Outside with each animal.,cash,Expense
19-10-2024,Oct,2024,Utilities,1285,Take family chance.,cash,Expense
19-10-2024,Oct,2024,Shopping,1266,Picture evidence.,cash,Expense
21-10-2024,Oct,2024,Rent,167,Why though decide bank likely.,cash,Expense
21-10-2024,Oct,2024,Health & Fitness,641,Meet seem population.,cash,Expense
21-10-2024,Oct,2024,Travel,1215,Material less focus hear.,cash,Expense
23-10-2024,Oct,2024,Salary,1564,Listen ok point so.,cash,Expense
24-10-2024,Oct,2024,Salary,834,Detail data tell.,cash,Expense
28-10-2024,Oct,2024,Investment,1524,Fill thousand number.,cash,Income
01-11-2024,Nov,2024,Travel,1881,Nearly care base.,cash,Expense
02-11-2024,Nov,2024,Rent,429,Goal once let perform international.,cash,Expense
03-11-2024,Nov,2024,Rent,137,Important source first him.,cash,Expense
03-11-2024,Nov,2024,Food & Drink,62,Doctor population grow bar.,cash,Expense
11-11-2024,Nov,2024,Rent,217,National back everybody direction budget.,cash,Expense
11-11-2024,Nov,2024,Rent,1313,National free.,cash,Expense
12-11-2024,Nov,2024,Travel,466,Few spring raise.,cash,Expense
13-11-2024,Nov,2024,Salary,1257,Relationship your your.,cash,Expense
13-11-2024,Nov,2024,Investment,734,Across federal state.,cash,Income
13-11-2024,Nov,2024,Other,3164,State serious activity pressure.,cash,Income
13-11-2024,Nov,2024,Salary,1950,Dinner rich decide do.,UPI,Expense
14-11-2024,Nov,2024,Travel,1102,Serious reveal left social fine.,UPI,Expense
14-11-2024,Nov,2024,Investment,4240,Show recently decide last.,UPI,Income
16-11-2024,Nov,2024,Shopping,1052,Hear officer.,UPI,Expense
17-11-2024,Nov,2024,Travel,1819,Wall act special.,UPI,Expense
17-11-2024,Nov,2024,Entertainment,1611,Different international sell several.,UPI,Expense
17-11-2024,Nov,2024,Health & Fitness,830,For age size.,UPI,Expense
17-11-2024,Nov,2024,Investment,500,With yes nothing.,UPI,Income
18-11-2024,Nov,2024,Utilities,694,Woman daughter hospital move.,UPI,Expense
18-11-2024,Nov,2024,Food & Drink,1379,Board notice later thus.,UPI,Expense
19-11-2024,Nov,2024,Salary,606,Bit need allow.,UPI,Expense
20-11-2024,Nov,2024,Travel,1198,Cost attorney.,UPI,Expense
20-11-2024,Nov,2024,Health & Fitness,385,Day fact modern.,UPI,Expense
22-11-2024,Nov,2024,Shopping,796,Happy action.,UPI,Expense
23-11-2024,Nov,2024,Other,3599,Hospital writer can industry.,UPI,Income
24-11-2024,Nov,2024,Rent,850,Western tend candidate day.,UPI,Expense
24-11-2024,Nov,2024,Travel,577,City offer financial data.,UPI,Expense
24-11-2024,Nov,2024,Travel,832,Cut yard knowledge.,UPI,Expense
25-11-2024,Nov,2024,Utilities,282,Space moment travel these least.,UPI,Expense
25-11-2024,Nov,2024,Other,4209,Say explain.,UPI,Income
25-11-2024,Nov,2024,Salary,384,Red republican father party.,UPI,Expense
26-11-2024,Nov,2024,Investment,4882,Eat tonight run leader.,UPI,Income
29-11-2024,Nov,2024,Investment,2811,Believe recognize analysis those citizen.,UPI,Income
30-11-2024,Nov,2024,Salary,1457,Project at risk.,UPI,Expense
02-12-2024,Dec,2024,Utilities,39,In seven building hard.,UPI,Expense
05-12-2024,Dec,2024,Shopping,630,Short for late education.,UPI,Expense
06-12-2024,Dec,2024,Health & Fitness,933,Left available.,UPI,Expense
09-12-2024,Dec,2024,Health & Fitness,170,Gas human create also.,UPI,Expense
11-12-2024,Dec,2024,Utilities,122,Remember carry.,UPI,Expense
12-12-2024,Dec,2024,Rent,1091,Leave bar prevent require.,UPI,Expense
12-12-2024,Dec,2024,Other,3625,Likely evidence claim.,UPI,Income
15-12-2024,Dec,2024,Rent,1949,Beyond family movement hospital back.,UPI,Expense
16-12-2024,Dec,2024,Shopping,1545,Child group describe.,UPI,Expense
19-12-2024,Dec,2024,Food & Drink,406,Democratic recent student specific political.,UPI,Expense
19-12-2024,Dec,2024,Rent,1047,Real know our any.,UPI,Expense
21-12-2024,Dec,2024,Salary,784,Up hear draw.,UPI,Expense
23-12-2024,Dec,2024,Health & Fitness,326,Instead writer.,net banking,Expense
28-12-2024,Dec,2024,Rent,514,Quite as when.,net banking,Expense
28-12-2024,Dec,2024,Entertainment,727,Right analysis mention.,net banking,Expense
28-12-2024,Dec,2024,Investment,1425,No couple debate must.,net banking,Income
29-12-2024,Dec,2024,Shopping,656,Discussion black follow.,net banking,Expense
29-12-2024,Dec,2024,Other,1480,Pressure activity defense detail.,net banking,Income
